cohort,isolate_id,reason,version,date_added
SOAR_207965,2281766,Evaluable=N per Step 6 - excluded from master table and resistance-rate denominators,v1,2026-07-07
SOAR_207965,2281839,Evaluable=N per Step 6 - excluded from master table and resistance-rate denominators,v1,2026-07-07
SOAR_207965,2281764,Evaluable=N per Step 6 - excluded from master table and resistance-rate denominators,v1,2026-07-07
SOAR_207965,2281843,Evaluable=N per Step 6 - excluded from master table and resistance-rate denominators,v1,2026-07-07
SOAR_207965,2281807,Evaluable=N per Step 6 - excluded from master table and resistance-rate denominators,v1,2026-07-07
SOAR_207965,2281975,Evaluable=N per Step 6 - excluded from master table and resistance-rate denominators,v1,2026-07-07
SOAR_207965,2281977,Evaluable=N per Step 6 - excluded from master table and resistance-rate denominators,v1,2026-07-07
SOAR_207965,2281966,Evaluable=N per Step 6 - excluded from master table and resistance-rate denominators,v1,2026-07-07
SOAR_207965,2281971,Evaluable=N per Step 6 - excluded from master table and resistance-rate denominators,v1,2026-07-07
SOAR_207965,2126512,Evaluable=N per Step 6 - excluded from master table and resistance-rate denominators,v1,2026-07-07
SOAR_207965,2126552,Evaluable=N per Step 6 - excluded from master table and resistance-rate denominators,v1,2026-07-07
SOAR_207965,2281967,Evaluable=N per Step 6 - excluded from master table and resistance-rate denominators,v1,2026-07-07
SOAR_207965,2126565,Evaluable=N per Step 6 - excluded from master table and resistance-rate denominators,v1,2026-07-07
SOAR_207965,2127346,Evaluable=N per Step 6 - excluded from master table and resistance-rate denominators,v1,2026-07-07
SOAR_207965,2128601,Evaluable=N per Step 6 - excluded from master table and resistance-rate denominators,v1,2026-07-07
SOAR_207965,2128635,Evaluable=N per Step 6 - excluded from master table and resistance-rate denominators,v1,2026-07-07
SOAR_207965,2128630,Evaluable=N per Step 6 - excluded from master table and resistance-rate denominators,v1,2026-07-07
SOAR_207965,2128652,Evaluable=N per Step 6 - excluded from master table and resistance-rate denominators,v1,2026-07-07
SOAR_207965,2572527,Evaluable=N per Step 6 - excluded from master table and resistance-rate denominators,v1,2026-07-07
SOAR_207965,2572526,Evaluable=N per Step 6 - excluded from master table and resistance-rate denominators,v1,2026-07-07
SOAR_207965,2126315,Evaluable=N per Step 6 - excluded from master table and resistance-rate denominators,v1,2026-07-07
SOAR_207965,2128669,Evaluable=N per Step 6 - excluded from master table and resistance-rate denominators,v1,2026-07-07
SOAR_207965,2128603,Evaluable=N per Step 6 - excluded from master table and resistance-rate denominators,v1,2026-07-07
SOAR_207965,2128679,Evaluable=N per Step 6 - excluded from master table and resistance-rate denominators,v1,2026-07-07
SOAR_207965,2128637,Evaluable=N per Step 6 - excluded from master table and resistance-rate denominators,v1,2026-07-07
SOAR_207965,2126329,Evaluable=N per Step 6 - excluded from master table and resistance-rate denominators,v1,2026-07-07
SOAR_207965,2126407,Evaluable=N per Step 6 - excluded from master table and resistance-rate denominators,v1,2026-07-07
SOAR_207965,2126465,Evaluable=N per Step 6 - excluded from master table and resistance-rate denominators,v1,2026-07-07
SOAR_207965,2126426,Evaluable=N per Step 6 - excluded from master table and resistance-rate denominators,v1,2026-07-07
SOAR_207965,2126435,Evaluable=N per Step 6 - excluded from master table and resistance-rate denominators,v1,2026-07-07
SOAR_207965,2126389,Evaluable=N per Step 6 - excluded from master table and resistance-rate denominators,v1,2026-07-07
SOAR_207965,2126439,Evaluable=N per Step 6 - excluded from master table and resistance-rate denominators,v1,2026-07-07
SOAR_207965,2127109,Evaluable=N per Step 6 - excluded from master table and resistance-rate denominators,v1,2026-07-07
SOAR_207965,2127039,Evaluable=N per Step 6 - excluded from master table and resistance-rate denominators,v1,2026-07-07
SOAR_207965,2127082,Evaluable=N per Step 6 - excluded from master table and resistance-rate denominators,v1,2026-07-07
SOAR_207965,2127083,Evaluable=N per Step 6 - excluded from master table and resistance-rate denominators,v1,2026-07-07
SOAR_207965,2127084,Evaluable=N per Step 6 - excluded from master table and resistance-rate denominators,v1,2026-07-07
SOAR_207965,2127029,Evaluable=N per Step 6 - excluded from master table and resistance-rate denominators,v1,2026-07-07
SOAR_207965,2127061,Evaluable=N per Step 6 - excluded from master table and resistance-rate denominators,v1,2026-07-07
SOAR_207965,2126975,Evaluable=N per Step 6 - excluded from master table and resistance-rate denominators,v1,2026-07-07
SOAR_207965,2127120,Evaluable=N per Step 6 - excluded from master table and resistance-rate denominators,v1,2026-07-07
SOAR_207965,2127064,Evaluable=N per Step 6 - excluded from master table and resistance-rate denominators,v1,2026-07-07
SOAR_207965,2127055,Evaluable=N per Step 6 - excluded from master table and resistance-rate denominators,v1,2026-07-07
SOAR_207965,2127116,Evaluable=N per Step 6 - excluded from master table and resistance-rate denominators,v1,2026-07-07
SOAR_207965,2127081,Evaluable=N per Step 6 - excluded from master table and resistance-rate denominators,v1,2026-07-07
SOAR_207965,2127073,Evaluable=N per Step 6 - excluded from master table and resistance-rate denominators,v1,2026-07-07
SOAR_207965,2126984,Evaluable=N per Step 6 - excluded from master table and resistance-rate denominators,v1,2026-07-07
SOAR_207965,2126988,Evaluable=N per Step 6 - excluded from master table and resistance-rate denominators,v1,2026-07-07
SOAR_207965,2127066,Evaluable=N per Step 6 - excluded from master table and resistance-rate denominators,v1,2026-07-07
SOAR_207965,2127040,Evaluable=N per Step 6 - excluded from master table and resistance-rate denominators,v1,2026-07-07
SOAR_207965,2127043,Evaluable=N per Step 6 - excluded from master table and resistance-rate denominators,v1,2026-07-07
SOAR_207965,2127115,Evaluable=N per Step 6 - excluded from master table and resistance-rate denominators,v1,2026-07-07
SOAR_207965,2127087,Evaluable=N per Step 6 - excluded from master table and resistance-rate denominators,v1,2026-07-07
SOAR_207965,2127034,Evaluable=N per Step 6 - excluded from master table and resistance-rate denominators,v1,2026-07-07
SOAR_207965,2127098,Evaluable=N per Step 6 - excluded from master table and resistance-rate denominators,v1,2026-07-07
SOAR_207965,2127031,Evaluable=N per Step 6 - excluded from master table and resistance-rate denominators,v1,2026-07-07
SOAR_207965,2127089,Evaluable=N per Step 6 - excluded from master table and resistance-rate denominators,v1,2026-07-07
SOAR_207965,2127026,Evaluable=N per Step 6 - excluded from master table and resistance-rate denominators,v1,2026-07-07
SOAR_207965,2127092,Evaluable=N per Step 6 - excluded from master table and resistance-rate denominators,v1,2026-07-07
SOAR_207965,2127118,Evaluable=N per Step 6 - excluded from master table and resistance-rate denominators,v1,2026-07-07
SOAR_207965,2127097,Evaluable=N per Step 6 - excluded from master table and resistance-rate denominators,v1,2026-07-07
SOAR_207965,2127075,Evaluable=N per Step 6 - excluded from master table and resistance-rate denominators,v1,2026-07-07
SOAR_207965,2127052,Evaluable=N per Step 6 - excluded from master table and resistance-rate denominators,v1,2026-07-07
SOAR_207965,2127067,Evaluable=N per Step 6 - excluded from master table and resistance-rate denominators,v1,2026-07-07
SOAR_207965,2127101,Evaluable=N per Step 6 - excluded from master table and resistance-rate denominators,v1,2026-07-07
SOAR_207965,2127069,Evaluable=N per Step 6 - excluded from master table and resistance-rate denominators,v1,2026-07-07
SOAR_207965,2127071,Evaluable=N per Step 6 - excluded from master table and resistance-rate denominators,v1,2026-07-07
SOAR_207965,2127077,Evaluable=N per Step 6 - excluded from master table and resistance-rate denominators,v1,2026-07-07
SOAR_207965,2592546,Evaluable=N per Step 6 - excluded from master table and resistance-rate denominators,v1,2026-07-07
SOAR_207965,2592421,Evaluable=N per Step 6 - excluded from master table and resistance-rate denominators,v1,2026-07-07
SOAR_207965,2592422,Evaluable=N per Step 6 - excluded from master table and resistance-rate denominators,v1,2026-07-07
SOAR_207965,2127099,Evaluable=N per Step 6 - excluded from master table and resistance-rate denominators,v1,2026-07-07
SOAR_207965,2127093,Evaluable=N per Step 6 - excluded from master table and resistance-rate denominators,v1,2026-07-07
SOAR_207965,2127074,Evaluable=N per Step 6 - excluded from master table and resistance-rate denominators,v1,2026-07-07
SOAR_207965,2127117,Evaluable=N per Step 6 - excluded from master table and resistance-rate denominators,v1,2026-07-07
SOAR_207965,2127088,Evaluable=N per Step 6 - excluded from master table and resistance-rate denominators,v1,2026-07-07
SOAR_207965,2127100,Evaluable=N per Step 6 - excluded from master table and resistance-rate denominators,v1,2026-07-07
SOAR_207965,2127113,Evaluable=N per Step 6 - excluded from master table and resistance-rate denominators,v1,2026-07-07
SOAR_207965,2127094,Evaluable=N per Step 6 - excluded from master table and resistance-rate denominators,v1,2026-07-07
SOAR_207965,2592448,Evaluable=N per Step 6 - excluded from master table and resistance-rate denominators,v1,2026-07-07
SOAR_207965,2127072,Evaluable=N per Step 6 - excluded from master table and resistance-rate denominators,v1,2026-07-07
SOAR_207965,2127103,Evaluable=N per Step 6 - excluded from master table and resistance-rate denominators,v1,2026-07-07
SOAR_207965,2592456,Evaluable=N per Step 6 - excluded from master table and resistance-rate denominators,v1,2026-07-07
SOAR_207965,2592481,Evaluable=N per Step 6 - excluded from master table and resistance-rate denominators,v1,2026-07-07
SOAR_207965,2594627,Evaluable=N per Step 6 - excluded from master table and resistance-rate denominators,v1,2026-07-07
SOAR_207965,2594653,Evaluable=N per Step 6 - excluded from master table and resistance-rate denominators,v1,2026-07-07
SOAR_207965,2592501,Evaluable=N per Step 6 - excluded from master table and resistance-rate denominators,v1,2026-07-07
SOAR_207965,2505553,Evaluable=N per Step 6 - excluded from master table and resistance-rate denominators,v1,2026-07-07
SOAR_207965,2592502,Evaluable=N per Step 6 - excluded from master table and resistance-rate denominators,v1,2026-07-07
SOAR_207965,2592522,Evaluable=N per Step 6 - excluded from master table and resistance-rate denominators,v1,2026-07-07
SOAR_207965,2592413,Evaluable=N per Step 6 - excluded from master table and resistance-rate denominators,v1,2026-07-07
SOAR_207965,2594676,Evaluable=N per Step 6 - excluded from master table and resistance-rate denominators,v1,2026-07-07
SOAR_207965,2594656,Evaluable=N per Step 6 - excluded from master table and resistance-rate denominators,v1,2026-07-07
SOAR_207965,2505540,Evaluable=N per Step 6 - excluded from master table and resistance-rate denominators,v1,2026-07-07
SOAR_207965,2592431,Evaluable=N per Step 6 - excluded from master table and resistance-rate denominators,v1,2026-07-07
SOAR_207965,2505583,Evaluable=N per Step 6 - excluded from master table and resistance-rate denominators,v1,2026-07-07
SOAR_207965,2592528,Evaluable=N per Step 6 - excluded from master table and resistance-rate denominators,v1,2026-07-07
SOAR_207965,2592558,Evaluable=N per Step 6 - excluded from master table and resistance-rate denominators,v1,2026-07-07
SOAR_207965,2592440,Evaluable=N per Step 6 - excluded from master table and resistance-rate denominators,v1,2026-07-07
SOAR_207965,2505549,Evaluable=N per Step 6 - excluded from master table and resistance-rate denominators,v1,2026-07-07
SOAR_207965,2592443,Evaluable=N per Step 6 - excluded from master table and resistance-rate denominators,v1,2026-07-07
SOAR_207965,2505552,Evaluable=N per Step 6 - excluded from master table and resistance-rate denominators,v1,2026-07-07
SOAR_207965,2505572,Evaluable=N per Step 6 - excluded from master table and resistance-rate denominators,v1,2026-07-07
SOAR_207965,2505560,Evaluable=N per Step 6 - excluded from master table and resistance-rate denominators,v1,2026-07-07
SOAR_207965,2592548,Evaluable=N per Step 6 - excluded from master table and resistance-rate denominators,v1,2026-07-07
SOAR_207965,2592510,Evaluable=N per Step 6 - excluded from master table and resistance-rate denominators,v1,2026-07-07
SOAR_207965,2592447,Evaluable=N per Step 6 - excluded from master table and resistance-rate denominators,v1,2026-07-07
SOAR_207965,2505551,Evaluable=N per Step 6 - excluded from master table and resistance-rate denominators,v1,2026-07-07
SOAR_207965,2592465,Evaluable=N per Step 6 - excluded from master table and resistance-rate denominators,v1,2026-07-07
SOAR_207965,2592442,Evaluable=N per Step 6 - excluded from master table and resistance-rate denominators,v1,2026-07-07
SOAR_207965,2505514,Evaluable=N per Step 6 - excluded from master table and resistance-rate denominators,v1,2026-07-07
SOAR_207965,2594693,Evaluable=N per Step 6 - excluded from master table and resistance-rate denominators,v1,2026-07-07
SOAR_207965,2594617,Evaluable=N per Step 6 - excluded from master table and resistance-rate denominators,v1,2026-07-07
SOAR_207965,2592467,Evaluable=N per Step 6 - excluded from master table and resistance-rate denominators,v1,2026-07-07
SOAR_207965,2505566,Evaluable=N per Step 6 - excluded from master table and resistance-rate denominators,v1,2026-07-07
SOAR_207965,2505564,Evaluable=N per Step 6 - excluded from master table and resistance-rate denominators,v1,2026-07-07
SOAR_207965,2592533,Evaluable=N per Step 6 - excluded from master table and resistance-rate denominators,v1,2026-07-07
SOAR_207965,2592429,Evaluable=N per Step 6 - excluded from master table and resistance-rate denominators,v1,2026-07-07
SOAR_207965,2592434,Evaluable=N per Step 6 - excluded from master table and resistance-rate denominators,v1,2026-07-07
SOAR_207965,2505555,Evaluable=N per Step 6 - excluded from master table and resistance-rate denominators,v1,2026-07-07
SOAR_207965,2592476,Evaluable=N per Step 6 - excluded from master table and resistance-rate denominators,v1,2026-07-07
SOAR_207965,2505548,Evaluable=N per Step 6 - excluded from master table and resistance-rate denominators,v1,2026-07-07
SOAR_207965,2505565,Evaluable=N per Step 6 - excluded from master table and resistance-rate denominators,v1,2026-07-07
SOAR_207965,2505537,Evaluable=N per Step 6 - excluded from master table and resistance-rate denominators,v1,2026-07-07
SOAR_207965,2505470,Evaluable=N per Step 6 - excluded from master table and resistance-rate denominators,v1,2026-07-07
SOAR_207965,2594666,Evaluable=N per Step 6 - excluded from master table and resistance-rate denominators,v1,2026-07-07
SOAR_207965,2594703,Evaluable=N per Step 6 - excluded from master table and resistance-rate denominators,v1,2026-07-07
SOAR_207965,2594726,Evaluable=N per Step 6 - excluded from master table and resistance-rate denominators,v1,2026-07-07
SOAR_207965,2592472,Evaluable=N per Step 6 - excluded from master table and resistance-rate denominators,v1,2026-07-07
SOAR_207965,2592529,Evaluable=N per Step 6 - excluded from master table and resistance-rate denominators,v1,2026-07-07
SOAR_207965,2592508,Evaluable=N per Step 6 - excluded from master table and resistance-rate denominators,v1,2026-07-07
SOAR_207965,2592411,Evaluable=N per Step 6 - excluded from master table and resistance-rate denominators,v1,2026-07-07
SOAR_207965,2592435,Evaluable=N per Step 6 - excluded from master table and resistance-rate denominators,v1,2026-07-07
SOAR_207965,2594661,Evaluable=N per Step 6 - excluded from master table and resistance-rate denominators,v1,2026-07-07
SOAR_207965,2594698,Evaluable=N per Step 6 - excluded from master table and resistance-rate denominators,v1,2026-07-07
SOAR_207965,2592523,Evaluable=N per Step 6 - excluded from master table and resistance-rate denominators,v1,2026-07-07
SOAR_207965,2505499,Evaluable=N per Step 6 - excluded from master table and resistance-rate denominators,v1,2026-07-07
SOAR_207965,2594665,Evaluable=N per Step 6 - excluded from master table and resistance-rate denominators,v1,2026-07-07
SOAR_207965,2592427,Evaluable=N per Step 6 - excluded from master table and resistance-rate denominators,v1,2026-07-07
SOAR_207965,2505569,Evaluable=N per Step 6 - excluded from master table and resistance-rate denominators,v1,2026-07-07
SOAR_207965,2592425,Evaluable=N per Step 6 - excluded from master table and resistance-rate denominators,v1,2026-07-07
SOAR_207965,2592539,Evaluable=N per Step 6 - excluded from master table and resistance-rate denominators,v1,2026-07-07
SOAR_207965,2592487,Evaluable=N per Step 6 - excluded from master table and resistance-rate denominators,v1,2026-07-07
SOAR_207965,2592432,Evaluable=N per Step 6 - excluded from master table and resistance-rate denominators,v1,2026-07-07
SOAR_207965,2505556,Evaluable=N per Step 6 - excluded from master table and resistance-rate denominators,v1,2026-07-07
SOAR_207965,2592445,Evaluable=N per Step 6 - excluded from master table and resistance-rate denominators,v1,2026-07-07
SOAR_207965,2592459,Evaluable=N per Step 6 - excluded from master table and resistance-rate denominators,v1,2026-07-07
SOAR_207965,2592414,Evaluable=N per Step 6 - excluded from master table and resistance-rate denominators,v1,2026-07-07
SOAR_207965,2505539,Evaluable=N per Step 6 - excluded from master table and resistance-rate denominators,v1,2026-07-07
SOAR_207965,2505578,Evaluable=N per Step 6 - excluded from master table and resistance-rate denominators,v1,2026-07-07
SOAR_207965,2592521,Evaluable=N per Step 6 - excluded from master table and resistance-rate denominators,v1,2026-07-07
SOAR_207965,2505576,Evaluable=N per Step 6 - excluded from master table and resistance-rate denominators,v1,2026-07-07
SOAR_207965,2505575,Evaluable=N per Step 6 - excluded from master table and resistance-rate denominators,v1,2026-07-07
SOAR_207965,2592444,Evaluable=N per Step 6 - excluded from master table and resistance-rate denominators,v1,2026-07-07
SOAR_207965,2592541,Evaluable=N per Step 6 - excluded from master table and resistance-rate denominators,v1,2026-07-07
SOAR_207965,2505492,Evaluable=N per Step 6 - excluded from master table and resistance-rate denominators,v1,2026-07-07
SOAR_207965,2505395,Evaluable=N per Step 6 - excluded from master table and resistance-rate denominators,v1,2026-07-07
SOAR_207965,2505427,Evaluable=N per Step 6 - excluded from master table and resistance-rate denominators,v1,2026-07-07
SOAR_207965,2594711,Evaluable=N per Step 6 - excluded from master table and resistance-rate denominators,v1,2026-07-07
SOAR_207965,2505394,Evaluable=N per Step 6 - excluded from master table and resistance-rate denominators,v1,2026-07-07
SOAR_207965,2505425,Evaluable=N per Step 6 - excluded from master table and resistance-rate denominators,v1,2026-07-07
SOAR_207965,2594727,Evaluable=N per Step 6 - excluded from master table and resistance-rate denominators,v1,2026-07-07
SOAR_207965,2505511,Evaluable=N per Step 6 - excluded from master table and resistance-rate denominators,v1,2026-07-07
SOAR_207965,2505488,Evaluable=N per Step 6 - excluded from master table and resistance-rate denominators,v1,2026-07-07
SOAR_207965,2505406,Evaluable=N per Step 6 - excluded from master table and resistance-rate denominators,v1,2026-07-07
SOAR_207965,2505431,Evaluable=N per Step 6 - excluded from master table and resistance-rate denominators,v1,2026-07-07
SOAR_207965,2505388,Evaluable=N per Step 6 - excluded from master table and resistance-rate denominators,v1,2026-07-07
SOAR_207965,2505451,Evaluable=N per Step 6 - excluded from master table and resistance-rate denominators,v1,2026-07-07
SOAR_207965,2505520,Evaluable=N per Step 6 - excluded from master table and resistance-rate denominators,v1,2026-07-07
SOAR_207965,2505485,Evaluable=N per Step 6 - excluded from master table and resistance-rate denominators,v1,2026-07-07
SOAR_207965,2505521,Evaluable=N per Step 6 - excluded from master table and resistance-rate denominators,v1,2026-07-07
SOAR_207965,2594650,Evaluable=N per Step 6 - excluded from master table and resistance-rate denominators,v1,2026-07-07
SOAR_207965,2505512,Evaluable=N per Step 6 - excluded from master table and resistance-rate denominators,v1,2026-07-07
SOAR_207965,2505462,Evaluable=N per Step 6 - excluded from master table and resistance-rate denominators,v1,2026-07-07
SOAR_207965,2505502,Evaluable=N per Step 6 - excluded from master table and resistance-rate denominators,v1,2026-07-07
SOAR_207965,2505418,Evaluable=N per Step 6 - excluded from master table and resistance-rate denominators,v1,2026-07-07
SOAR_207965,2505424,Evaluable=N per Step 6 - excluded from master table and resistance-rate denominators,v1,2026-07-07
SOAR_207965,2505526,Evaluable=N per Step 6 - excluded from master table and resistance-rate denominators,v1,2026-07-07
SOAR_207965,2505461,Evaluable=N per Step 6 - excluded from master table and resistance-rate denominators,v1,2026-07-07
SOAR_207965,2505524,Evaluable=N per Step 6 - excluded from master table and resistance-rate denominators,v1,2026-07-07
SOAR_207965,2505454,Evaluable=N per Step 6 - excluded from master table and resistance-rate denominators,v1,2026-07-07
SOAR_207965,2505474,Evaluable=N per Step 6 - excluded from master table and resistance-rate denominators,v1,2026-07-07
SOAR_207965,2505443,Evaluable=N per Step 6 - excluded from master table and resistance-rate denominators,v1,2026-07-07
SOAR_207965,2505392,Evaluable=N per Step 6 - excluded from master table and resistance-rate denominators,v1,2026-07-07
SOAR_207965,2505448,Evaluable=N per Step 6 - excluded from master table and resistance-rate denominators,v1,2026-07-07
SOAR_207965,2505528,Evaluable=N per Step 6 - excluded from master table and resistance-rate denominators,v1,2026-07-07
SOAR_207965,2505469,Evaluable=N per Step 6 - excluded from master table and resistance-rate denominators,v1,2026-07-07
SOAR_207965,2505500,Evaluable=N per Step 6 - excluded from master table and resistance-rate denominators,v1,2026-07-07
SOAR_207965,2505430,Evaluable=N per Step 6 - excluded from master table and resistance-rate denominators,v1,2026-07-07
SOAR_207965,2505530,Evaluable=N per Step 6 - excluded from master table and resistance-rate denominators,v1,2026-07-07
SOAR_207965,2505450,Evaluable=N per Step 6 - excluded from master table and resistance-rate denominators,v1,2026-07-07
SOAR_207965,2505491,Evaluable=N per Step 6 - excluded from master table and resistance-rate denominators,v1,2026-07-07
SOAR_207965,2505494,Evaluable=N per Step 6 - excluded from master table and resistance-rate denominators,v1,2026-07-07
SOAR_207965,2505522,Evaluable=N per Step 6 - excluded from master table and resistance-rate denominators,v1,2026-07-07
SOAR_207965,2505472,Evaluable=N per Step 6 - excluded from master table and resistance-rate denominators,v1,2026-07-07
SOAR_207965,2505523,Evaluable=N per Step 6 - excluded from master table and resistance-rate denominators,v1,2026-07-07
SOAR_207965,2505397,Evaluable=N per Step 6 - excluded from master table and resistance-rate denominators,v1,2026-07-07
SOAR_207965,2505428,Evaluable=N per Step 6 - excluded from master table and resistance-rate denominators,v1,2026-07-07
SOAR_207965,2126741,Evaluable=N per Step 6 - excluded from master table and resistance-rate denominators,v1,2026-07-07
SOAR_207965,2128954,Evaluable=N per Step 6 - excluded from master table and resistance-rate denominators,v1,2026-07-07
SOAR_207965,2505464,Evaluable=N per Step 6 - excluded from master table and resistance-rate denominators,v1,2026-07-07
SOAR_207965,2505423,Evaluable=N per Step 6 - excluded from master table and resistance-rate denominators,v1,2026-07-07
SOAR_207965,2505493,Evaluable=N per Step 6 - excluded from master table and resistance-rate denominators,v1,2026-07-07
SOAR_207965,2505515,Evaluable=N per Step 6 - excluded from master table and resistance-rate denominators,v1,2026-07-07
SOAR_207965,2505478,Evaluable=N per Step 6 - excluded from master table and resistance-rate denominators,v1,2026-07-07
SOAR_207965,2505501,Evaluable=N per Step 6 - excluded from master table and resistance-rate denominators,v1,2026-07-07
SOAR_207965,2505479,Evaluable=N per Step 6 - excluded from master table and resistance-rate denominators,v1,2026-07-07
SOAR_207965,2505534,Evaluable=N per Step 6 - excluded from master table and resistance-rate denominators,v1,2026-07-07
SOAR_207965,2505453,Evaluable=N per Step 6 - excluded from master table and resistance-rate denominators,v1,2026-07-07
SOAR_207965,2505416,Evaluable=N per Step 6 - excluded from master table and resistance-rate denominators,v1,2026-07-07
SOAR_207965,2505489,Evaluable=N per Step 6 - excluded from master table and resistance-rate denominators,v1,2026-07-07
SOAR_207965,2505419,Evaluable=N per Step 6 - excluded from master table and resistance-rate denominators,v1,2026-07-07
SOAR_207965,2505484,Evaluable=N per Step 6 - excluded from master table and resistance-rate denominators,v1,2026-07-07
SOAR_207965,2505412,Evaluable=N per Step 6 - excluded from master table and resistance-rate denominators,v1,2026-07-07
SOAR_207965,2505529,Evaluable=N per Step 6 - excluded from master table and resistance-rate denominators,v1,2026-07-07
SOAR_207965,2505498,Evaluable=N per Step 6 - excluded from master table and resistance-rate denominators,v1,2026-07-07
SOAR_207965,2505482,Evaluable=N per Step 6 - excluded from master table and resistance-rate denominators,v1,2026-07-07
SOAR_207965,2505481,Evaluable=N per Step 6 - excluded from master table and resistance-rate denominators,v1,2026-07-07
SOAR_207965,2505399,Evaluable=N per Step 6 - excluded from master table and resistance-rate denominators,v1,2026-07-07
SOAR_207965,2505477,Evaluable=N per Step 6 - excluded from master table and resistance-rate denominators,v1,2026-07-07
SOAR_207965,2505459,Evaluable=N per Step 6 - excluded from master table and resistance-rate denominators,v1,2026-07-07
SOAR_207965,2505393,Evaluable=N per Step 6 - excluded from master table and resistance-rate denominators,v1,2026-07-07
SOAR_207965,2128808,Evaluable=N per Step 6 - excluded from master table and resistance-rate denominators,v1,2026-07-07
SOAR_207965,2126756,Evaluable=N per Step 6 - excluded from master table and resistance-rate denominators,v1,2026-07-07
SOAR_207965,2128837,Evaluable=N per Step 6 - excluded from master table and resistance-rate denominators,v1,2026-07-07
SOAR_207965,2126766,Evaluable=N per Step 6 - excluded from master table and resistance-rate denominators,v1,2026-07-07
SOAR_207965,2126772,Evaluable=N per Step 6 - excluded from master table and resistance-rate denominators,v1,2026-07-07
SOAR_207965,2128873,Evaluable=N per Step 6 - excluded from master table and resistance-rate denominators,v1,2026-07-07
SOAR_207965,2126819,Evaluable=N per Step 6 - excluded from master table and resistance-rate denominators,v1,2026-07-07
SOAR_207965,2126769,Evaluable=N per Step 6 - excluded from master table and resistance-rate denominators,v1,2026-07-07
SOAR_207965,2126875,Evaluable=N per Step 6 - excluded from master table and resistance-rate denominators,v1,2026-07-07
SOAR_207965,2128830,Evaluable=N per Step 6 - excluded from master table and resistance-rate denominators,v1,2026-07-07
SOAR_207965,2128948,Evaluable=N per Step 6 - excluded from master table and resistance-rate denominators,v1,2026-07-07
SOAR_207965,2126821,Evaluable=N per Step 6 - excluded from master table and resistance-rate denominators,v1,2026-07-07
SOAR_207965,2126849,Evaluable=N per Step 6 - excluded from master table and resistance-rate denominators,v1,2026-07-07
SOAR_207965,2128870,Evaluable=N per Step 6 - excluded from master table and resistance-rate denominators,v1,2026-07-07
SOAR_207965,2128875,Evaluable=N per Step 6 - excluded from master table and resistance-rate denominators,v1,2026-07-07
SOAR_207965,2126881,Evaluable=N per Step 6 - excluded from master table and resistance-rate denominators,v1,2026-07-07
SOAR_207965,2126831,Evaluable=N per Step 6 - excluded from master table and resistance-rate denominators,v1,2026-07-07
SOAR_207965,2128900,Evaluable=N per Step 6 - excluded from master table and resistance-rate denominators,v1,2026-07-07
SOAR_207965,2126860,Evaluable=N per Step 6 - excluded from master table and resistance-rate denominators,v1,2026-07-07
SOAR_207965,2126718,Evaluable=N per Step 6 - excluded from master table and resistance-rate denominators,v1,2026-07-07
SOAR_207965,2126850,Evaluable=N per Step 6 - excluded from master table and resistance-rate denominators,v1,2026-07-07
SOAR_207965,2128956,Evaluable=N per Step 6 - excluded from master table and resistance-rate denominators,v1,2026-07-07
SOAR_207965,2126751,Evaluable=N per Step 6 - excluded from master table and resistance-rate denominators,v1,2026-07-07
SOAR_207965,2126748,Evaluable=N per Step 6 - excluded from master table and resistance-rate denominators,v1,2026-07-07
SOAR_207965,2126867,Evaluable=N per Step 6 - excluded from master table and resistance-rate denominators,v1,2026-07-07
SOAR_207965,2126848,Evaluable=N per Step 6 - excluded from master table and resistance-rate denominators,v1,2026-07-07
SOAR_207965,2128812,Evaluable=N per Step 6 - excluded from master table and resistance-rate denominators,v1,2026-07-07
SOAR_207965,2128855,Evaluable=N per Step 6 - excluded from master table and resistance-rate denominators,v1,2026-07-07
SOAR_207965,2126876,Evaluable=N per Step 6 - excluded from master table and resistance-rate denominators,v1,2026-07-07
SOAR_207965,2126852,Evaluable=N per Step 6 - excluded from master table and resistance-rate denominators,v1,2026-07-07
SOAR_207965,2126869,Evaluable=N per Step 6 - excluded from master table and resistance-rate denominators,v1,2026-07-07
SOAR_207965,2126874,Evaluable=N per Step 6 - excluded from master table and resistance-rate denominators,v1,2026-07-07
SOAR_207965,2126787,Evaluable=N per Step 6 - excluded from master table and resistance-rate denominators,v1,2026-07-07
SOAR_207965,2126870,Evaluable=N per Step 6 - excluded from master table and resistance-rate denominators,v1,2026-07-07
SOAR_207965,2128814,Evaluable=N per Step 6 - excluded from master table and resistance-rate denominators,v1,2026-07-07
SOAR_207965,2126795,Evaluable=N per Step 6 - excluded from master table and resistance-rate denominators,v1,2026-07-07
SOAR_207965,2126853,Evaluable=N per Step 6 - excluded from master table and resistance-rate denominators,v1,2026-07-07
SOAR_207965,2126878,Evaluable=N per Step 6 - excluded from master table and resistance-rate denominators,v1,2026-07-07
SOAR_207965,2126823,Evaluable=N per Step 6 - excluded from master table and resistance-rate denominators,v1,2026-07-07
SOAR_207965,2278817,Evaluable=N per Step 6 - excluded from master table and resistance-rate denominators,v1,2026-07-07
SOAR_207965,2278819,Evaluable=N per Step 6 - excluded from master table and resistance-rate denominators,v1,2026-07-07
SOAR_207965,2278815,Evaluable=N per Step 6 - excluded from master table and resistance-rate denominators,v1,2026-07-07
SOAR_207965,2278816,Evaluable=N per Step 6 - excluded from master table and resistance-rate denominators,v1,2026-07-07
SOAR_207965,2278823,Evaluable=N per Step 6 - excluded from master table and resistance-rate denominators,v1,2026-07-07
SOAR_207965,2278813,Evaluable=N per Step 6 - excluded from master table and resistance-rate denominators,v1,2026-07-07
SOAR_207965,2126844,Evaluable=N per Step 6 - excluded from master table and resistance-rate denominators,v1,2026-07-07
SOAR_207965,2126879,Evaluable=N per Step 6 - excluded from master table and resistance-rate denominators,v1,2026-07-07
SOAR_207965,2278820,Evaluable=N per Step 6 - excluded from master table and resistance-rate denominators,v1,2026-07-07
SOAR_207965,2278825,Evaluable=N per Step 6 - excluded from master table and resistance-rate denominators,v1,2026-07-07
SOAR_207965,2278828,Evaluable=N per Step 6 - excluded from master table and resistance-rate denominators,v1,2026-07-07
SOAR_207965,2278862,Evaluable=N per Step 6 - excluded from master table and resistance-rate denominators,v1,2026-07-07
SOAR_207965,2578577,Evaluable=N per Step 6 - excluded from master table and resistance-rate denominators,v1,2026-07-07
SOAR_207965,2278846,Evaluable=N per Step 6 - excluded from master table and resistance-rate denominators,v1,2026-07-07
SOAR_207965,2278902,Evaluable=N per Step 6 - excluded from master table and resistance-rate denominators,v1,2026-07-07
SOAR_207965,2578579,Evaluable=N per Step 6 - excluded from master table and resistance-rate denominators,v1,2026-07-07
SOAR_207965,2278842,Evaluable=N per Step 6 - excluded from master table and resistance-rate denominators,v1,2026-07-07
SOAR_207965,2578586,Evaluable=N per Step 6 - excluded from master table and resistance-rate denominators,v1,2026-07-07
SOAR_207965,2578582,Evaluable=N per Step 6 - excluded from master table and resistance-rate denominators,v1,2026-07-07
SOAR_207965,2278849,Evaluable=N per Step 6 - excluded from master table and resistance-rate denominators,v1,2026-07-07
SOAR_207965,2128813,Evaluable=N per Step 6 - excluded from master table and resistance-rate denominators,v1,2026-07-07
SOAR_207965,2126880,Evaluable=N per Step 6 - excluded from master table and resistance-rate denominators,v1,2026-07-07
SOAR_207965,2126753,Evaluable=N per Step 6 - excluded from master table and resistance-rate denominators,v1,2026-07-07
SOAR_207965,2128829,Evaluable=N per Step 6 - excluded from master table and resistance-rate denominators,v1,2026-07-07
SOAR_207965,2126865,Evaluable=N per Step 6 - excluded from master table and resistance-rate denominators,v1,2026-07-07
SOAR_207965,2278824,Evaluable=N per Step 6 - excluded from master table and resistance-rate denominators,v1,2026-07-07
SOAR_207965,2278818,Evaluable=N per Step 6 - excluded from master table and resistance-rate denominators,v1,2026-07-07
SOAR_207965,2278821,Evaluable=N per Step 6 - excluded from master table and resistance-rate denominators,v1,2026-07-07
SOAR_207965,2278886,Evaluable=N per Step 6 - excluded from master table and resistance-rate denominators,v1,2026-07-07
SOAR_207965,2278827,Evaluable=N per Step 6 - excluded from master table and resistance-rate denominators,v1,2026-07-07
SOAR_207965,2278838,Evaluable=N per Step 6 - excluded from master table and resistance-rate denominators,v1,2026-07-07
SOAR_207965,2578591,Evaluable=N per Step 6 - excluded from master table and resistance-rate denominators,v1,2026-07-07
SOAR_207965,2278814,Evaluable=N per Step 6 - excluded from master table and resistance-rate denominators,v1,2026-07-07
SOAR_207965,2578593,Evaluable=N per Step 6 - excluded from master table and resistance-rate denominators,v1,2026-07-07
SOAR_207965,2278810,Evaluable=N per Step 6 - excluded from master table and resistance-rate denominators,v1,2026-07-07
SOAR_207965,2278847,Evaluable=N per Step 6 - excluded from master table and resistance-rate denominators,v1,2026-07-07
SOAR_207965,2578583,Evaluable=N per Step 6 - excluded from master table and resistance-rate denominators,v1,2026-07-07
SOAR_207965,2278839,Evaluable=N per Step 6 - excluded from master table and resistance-rate denominators,v1,2026-07-07
SOAR_207965,2278834,Evaluable=N per Step 6 - excluded from master table and resistance-rate denominators,v1,2026-07-07
SOAR_207965,2126872,Evaluable=N per Step 6 - excluded from master table and resistance-rate denominators,v1,2026-07-07
SOAR_207965,2126834,Evaluable=N per Step 6 - excluded from master table and resistance-rate denominators,v1,2026-07-07
SOAR_207965,2126736,Evaluable=N per Step 6 - excluded from master table and resistance-rate denominators,v1,2026-07-07
SOAR_207965,2278812,Evaluable=N per Step 6 - excluded from master table and resistance-rate denominators,v1,2026-07-07
SOAR_207965,2278841,Evaluable=N per Step 6 - excluded from master table and resistance-rate denominators,v1,2026-07-07
SOAR_207965,2278888,Evaluable=N per Step 6 - excluded from master table and resistance-rate denominators,v1,2026-07-07
SOAR_207965,2278835,Evaluable=N per Step 6 - excluded from master table and resistance-rate denominators,v1,2026-07-07
SOAR_207965,2278811,Evaluable=N per Step 6 - excluded from master table and resistance-rate denominators,v1,2026-07-07
SOAR_207965,2278837,Evaluable=N per Step 6 - excluded from master table and resistance-rate denominators,v1,2026-07-07
SOAR_207965,2278848,Evaluable=N per Step 6 - excluded from master table and resistance-rate denominators,v1,2026-07-07
SOAR_207965,2278915,Evaluable=N per Step 6 - excluded from master table and resistance-rate denominators,v1,2026-07-07
SOAR_207965,2578581,Evaluable=N per Step 6 - excluded from master table and resistance-rate denominators,v1,2026-07-07
SOAR_207965,2578592,Evaluable=N per Step 6 - excluded from master table and resistance-rate denominators,v1,2026-07-07
SOAR_207965,2278866,Evaluable=N per Step 6 - excluded from master table and resistance-rate denominators,v1,2026-07-07
SOAR_207965,2278831,Evaluable=N per Step 6 - excluded from master table and resistance-rate denominators,v1,2026-07-07
SOAR_207965,2578601,Evaluable=N per Step 6 - excluded from master table and resistance-rate denominators,v1,2026-07-07
SOAR_207965,2578594,Evaluable=N per Step 6 - excluded from master table and resistance-rate denominators,v1,2026-07-07
SOAR_207965,2278187,Evaluable=N per Step 6 - excluded from master table and resistance-rate denominators,v1,2026-07-07
SOAR_207965,2278199,Evaluable=N per Step 6 - excluded from master table and resistance-rate denominators,v1,2026-07-07
SOAR_207965,2278201,Evaluable=N per Step 6 - excluded from master table and resistance-rate denominators,v1,2026-07-07
SOAR_207965,2278068,Evaluable=N per Step 6 - excluded from master table and resistance-rate denominators,v1,2026-07-07
SOAR_207965,2278836,Evaluable=N per Step 6 - excluded from master table and resistance-rate denominators,v1,2026-07-07
SOAR_207965,2278832,Evaluable=N per Step 6 - excluded from master table and resistance-rate denominators,v1,2026-07-07
SOAR_207965,2278861,Evaluable=N per Step 6 - excluded from master table and resistance-rate denominators,v1,2026-07-07
SOAR_207965,2278833,Evaluable=N per Step 6 - excluded from master table and resistance-rate denominators,v1,2026-07-07
SOAR_207965,2278193,Evaluable=N per Step 6 - excluded from master table and resistance-rate denominators,v1,2026-07-07
SOAR_207965,2278149,Evaluable=N per Step 6 - excluded from master table and resistance-rate denominators,v1,2026-07-07
SOAR_207965,2278202,Evaluable=N per Step 6 - excluded from master table and resistance-rate denominators,v1,2026-07-07
SOAR_207965,2278189,Evaluable=N per Step 6 - excluded from master table and resistance-rate denominators,v1,2026-07-07
SOAR_207965,2278192,Evaluable=N per Step 6 - excluded from master table and resistance-rate denominators,v1,2026-07-07
SOAR_207965,2150787,Evaluable=N per Step 6 - excluded from master table and resistance-rate denominators,v1,2026-07-07
SOAR_207965,2278163,Evaluable=N per Step 6 - excluded from master table and resistance-rate denominators,v1,2026-07-07
SOAR_207965,2278186,Evaluable=N per Step 6 - excluded from master table and resistance-rate denominators,v1,2026-07-07
SOAR_207965,2278156,Evaluable=N per Step 6 - excluded from master table and resistance-rate denominators,v1,2026-07-07
SOAR_207965,2278157,Evaluable=N per Step 6 - excluded from master table and resistance-rate denominators,v1,2026-07-07
SOAR_207965,2278204,Evaluable=N per Step 6 - excluded from master table and resistance-rate denominators,v1,2026-07-07
SOAR_207965,2278194,Evaluable=N per Step 6 - excluded from master table and resistance-rate denominators,v1,2026-07-07
SOAR_207965,2278147,Evaluable=N per Step 6 - excluded from master table and resistance-rate denominators,v1,2026-07-07
SOAR_207965,2150781,Evaluable=N per Step 6 - excluded from master table and resistance-rate denominators,v1,2026-07-07
SOAR_207965,2278196,Evaluable=N per Step 6 - excluded from master table and resistance-rate denominators,v1,2026-07-07
SOAR_207965,2278200,Evaluable=N per Step 6 - excluded from master table and resistance-rate denominators,v1,2026-07-07
SOAR_207965,2278205,Evaluable=N per Step 6 - excluded from master table and resistance-rate denominators,v1,2026-07-07
SOAR_207965,2278148,Evaluable=N per Step 6 - excluded from master table and resistance-rate denominators,v1,2026-07-07
SOAR_207965,2278188,Evaluable=N per Step 6 - excluded from master table and resistance-rate denominators,v1,2026-07-07
SOAR_207965,2150786,Evaluable=N per Step 6 - excluded from master table and resistance-rate denominators,v1,2026-07-07
SOAR_207965,2278168,Evaluable=N per Step 6 - excluded from master table and resistance-rate denominators,v1,2026-07-07
SOAR_207965,2150790,Evaluable=N per Step 6 - excluded from master table and resistance-rate denominators,v1,2026-07-07
SOAR_207965,2150789,Evaluable=N per Step 6 - excluded from master table and resistance-rate denominators,v1,2026-07-07
SOAR_207965,2278185,Evaluable=N per Step 6 - excluded from master table and resistance-rate denominators,v1,2026-07-07
SOAR_207965,2150773,Evaluable=N per Step 6 - excluded from master table and resistance-rate denominators,v1,2026-07-07
SOAR_207965,2150778,Evaluable=N per Step 6 - excluded from master table and resistance-rate denominators,v1,2026-07-07
SOAR_207965,2278142,Evaluable=N per Step 6 - excluded from master table and resistance-rate denominators,v1,2026-07-07
SOAR_207965,2150785,Evaluable=N per Step 6 - excluded from master table and resistance-rate denominators,v1,2026-07-07
SOAR_207965,2278178,Evaluable=N per Step 6 - excluded from master table and resistance-rate denominators,v1,2026-07-07
SOAR_207965,2150783,Evaluable=N per Step 6 - excluded from master table and resistance-rate denominators,v1,2026-07-07
SOAR_207965,2278191,Evaluable=N per Step 6 - excluded from master table and resistance-rate denominators,v1,2026-07-07
SOAR_207965,2150779,Evaluable=N per Step 6 - excluded from master table and resistance-rate denominators,v1,2026-07-07
SOAR_207965,2150725,Evaluable=N per Step 6 - excluded from master table and resistance-rate denominators,v1,2026-07-07
SOAR_207965,2278172,Evaluable=N per Step 6 - excluded from master table and resistance-rate denominators,v1,2026-07-07
SOAR_207965,2278197,Evaluable=N per Step 6 - excluded from master table and resistance-rate denominators,v1,2026-07-07
SOAR_207965,2278198,Evaluable=N per Step 6 - excluded from master table and resistance-rate denominators,v1,2026-07-07
SOAR_207965,2278190,Evaluable=N per Step 6 - excluded from master table and resistance-rate denominators,v1,2026-07-07
SOAR_207965,2278154,Evaluable=N per Step 6 - excluded from master table and resistance-rate denominators,v1,2026-07-07
SOAR_207965,2278146,Evaluable=N per Step 6 - excluded from master table and resistance-rate denominators,v1,2026-07-07
SOAR_207965,2150780,Evaluable=N per Step 6 - excluded from master table and resistance-rate denominators,v1,2026-07-07
SOAR_207965,2150791,Evaluable=N per Step 6 - excluded from master table and resistance-rate denominators,v1,2026-07-07
SOAR_207965,2278203,Evaluable=N per Step 6 - excluded from master table and resistance-rate denominators,v1,2026-07-07
SOAR_207965,2278064,Evaluable=N per Step 6 - excluded from master table and resistance-rate denominators,v1,2026-07-07
SOAR_207965,2150753,Evaluable=N per Step 6 - excluded from master table and resistance-rate denominators,v1,2026-07-07
SOAR_207965,2278111,Evaluable=N per Step 6 - excluded from master table and resistance-rate denominators,v1,2026-07-07
SOAR_207965,2278151,Evaluable=N per Step 6 - excluded from master table and resistance-rate denominators,v1,2026-07-07
SOAR_207965,2150782,Evaluable=N per Step 6 - excluded from master table and resistance-rate denominators,v1,2026-07-07
SOAR_207965,2278143,Evaluable=N per Step 6 - excluded from master table and resistance-rate denominators,v1,2026-07-07
SOAR_207965,2150774,Evaluable=N per Step 6 - excluded from master table and resistance-rate denominators,v1,2026-07-07
SOAR_207965,2150722,Evaluable=N per Step 6 - excluded from master table and resistance-rate denominators,v1,2026-07-07
SOAR_207965,2278070,Evaluable=N per Step 6 - excluded from master table and resistance-rate denominators,v1,2026-07-07
SOAR_207965,2150777,Evaluable=N per Step 6 - excluded from master table and resistance-rate denominators,v1,2026-07-07
SOAR_207965,2150788,Evaluable=N per Step 6 - excluded from master table and resistance-rate denominators,v1,2026-07-07
SOAR_207965,2150771,Evaluable=N per Step 6 - excluded from master table and resistance-rate denominators,v1,2026-07-07
SOAR_207965,2150776,Evaluable=N per Step 6 - excluded from master table and resistance-rate denominators,v1,2026-07-07
SOAR_207965,2278155,Evaluable=N per Step 6 - excluded from master table and resistance-rate denominators,v1,2026-07-07
SOAR_207965,2150775,Evaluable=N per Step 6 - excluded from master table and resistance-rate denominators,v1,2026-07-07
SOAR_207965,2278177,Evaluable=N per Step 6 - excluded from master table and resistance-rate denominators,v1,2026-07-07
SOAR_207965,2278166,Evaluable=N per Step 6 - excluded from master table and resistance-rate denominators,v1,2026-07-07
SOAR_207965,2278183,Evaluable=N per Step 6 - excluded from master table and resistance-rate denominators,v1,2026-07-07
SOAR_207965,2150770,Evaluable=N per Step 6 - excluded from master table and resistance-rate denominators,v1,2026-07-07
SOAR_207965,2150768,Evaluable=N per Step 6 - excluded from master table and resistance-rate denominators,v1,2026-07-07
SOAR_207965,2278167,Evaluable=N per Step 6 - excluded from master table and resistance-rate denominators,v1,2026-07-07
SOAR_207965,2278150,Evaluable=N per Step 6 - excluded from master table and resistance-rate denominators,v1,2026-07-07
SOAR_207965,2278170,Evaluable=N per Step 6 - excluded from master table and resistance-rate denominators,v1,2026-07-07
SOAR_207965,2127187,Evaluable=N per Step 6 - excluded from master table and resistance-rate denominators,v1,2026-07-07
SOAR_207965,2127226,Evaluable=N per Step 6 - excluded from master table and resistance-rate denominators,v1,2026-07-07
SOAR_207965,2127247,Evaluable=N per Step 6 - excluded from master table and resistance-rate denominators,v1,2026-07-07
SOAR_207965,2127319,Evaluable=N per Step 6 - excluded from master table and resistance-rate denominators,v1,2026-07-07
SOAR_207965,2127254,Evaluable=N per Step 6 - excluded from master table and resistance-rate denominators,v1,2026-07-07
SOAR_207965,2127240,Evaluable=N per Step 6 - excluded from master table and resistance-rate denominators,v1,2026-07-07
SOAR_207965,2127261,Evaluable=N per Step 6 - excluded from master table and resistance-rate denominators,v1,2026-07-07
SOAR_207965,2127308,Evaluable=N per Step 6 - excluded from master table and resistance-rate denominators,v1,2026-07-07
SOAR_207965,2127320,Evaluable=N per Step 6 - excluded from master table and resistance-rate denominators,v1,2026-07-07
SOAR_207965,2127163,Evaluable=N per Step 6 - excluded from master table and resistance-rate denominators,v1,2026-07-07
SOAR_207965,2127255,Evaluable=N per Step 6 - excluded from master table and resistance-rate denominators,v1,2026-07-07
SOAR_207965,2127324,Evaluable=N per Step 6 - excluded from master table and resistance-rate denominators,v1,2026-07-07
SOAR_207965,2127316,Evaluable=N per Step 6 - excluded from master table and resistance-rate denominators,v1,2026-07-07
SOAR_207965,2127326,Evaluable=N per Step 6 - excluded from master table and resistance-rate denominators,v1,2026-07-07
SOAR_207965,2127323,Evaluable=N per Step 6 - excluded from master table and resistance-rate denominators,v1,2026-07-07
SOAR_207965,2127292,Evaluable=N per Step 6 - excluded from master table and resistance-rate denominators,v1,2026-07-07
SOAR_207965,2127251,Evaluable=N per Step 6 - excluded from master table and resistance-rate denominators,v1,2026-07-07
SOAR_207965,2127282,Evaluable=N per Step 6 - excluded from master table and resistance-rate denominators,v1,2026-07-07
SOAR_207965,2127309,Evaluable=N per Step 6 - excluded from master table and resistance-rate denominators,v1,2026-07-07
SOAR_207965,2127258,Evaluable=N per Step 6 - excluded from master table and resistance-rate denominators,v1,2026-07-07
SOAR_207965,2127315,Evaluable=N per Step 6 - excluded from master table and resistance-rate denominators,v1,2026-07-07
SOAR_207965,2127275,Evaluable=N per Step 6 - excluded from master table and resistance-rate denominators,v1,2026-07-07
SOAR_207965,2127290,Evaluable=N per Step 6 - excluded from master table and resistance-rate denominators,v1,2026-07-07
SOAR_207965,2127231,Evaluable=N per Step 6 - excluded from master table and resistance-rate denominators,v1,2026-07-07
SOAR_207965,2127318,Evaluable=N per Step 6 - excluded from master table and resistance-rate denominators,v1,2026-07-07
SOAR_207965,2127304,Evaluable=N per Step 6 - excluded from master table and resistance-rate denominators,v1,2026-07-07
SOAR_207965,2235766,Evaluable=N per Step 6 - excluded from master table and resistance-rate denominators,v1,2026-07-07
SOAR_207965,2235765,Evaluable=N per Step 6 - excluded from master table and resistance-rate denominators,v1,2026-07-07
SOAR_207965,2235702,Evaluable=N per Step 6 - excluded from master table and resistance-rate denominators,v1,2026-07-07
SOAR_207965,2317400,Evaluable=N per Step 6 - excluded from master table and resistance-rate denominators,v1,2026-07-07
SOAR_207965,2179393,Evaluable=N per Step 6 - excluded from master table and resistance-rate denominators,v1,2026-07-07
SOAR_207965,2127312,Evaluable=N per Step 6 - excluded from master table and resistance-rate denominators,v1,2026-07-07
SOAR_207965,2127297,Evaluable=N per Step 6 - excluded from master table and resistance-rate denominators,v1,2026-07-07
SOAR_207965,2235712,Evaluable=N per Step 6 - excluded from master table and resistance-rate denominators,v1,2026-07-07
SOAR_207965,2127238,Evaluable=N per Step 6 - excluded from master table and resistance-rate denominators,v1,2026-07-07
SOAR_207965,2127257,Evaluable=N per Step 6 - excluded from master table and resistance-rate denominators,v1,2026-07-07
SOAR_207965,2127280,Evaluable=N per Step 6 - excluded from master table and resistance-rate denominators,v1,2026-07-07
SOAR_207965,2127301,Evaluable=N per Step 6 - excluded from master table and resistance-rate denominators,v1,2026-07-07
SOAR_207965,2127243,Evaluable=N per Step 6 - excluded from master table and resistance-rate denominators,v1,2026-07-07
SOAR_207965,2235748,Evaluable=N per Step 6 - excluded from master table and resistance-rate denominators,v1,2026-07-07
SOAR_207965,2235747,Evaluable=N per Step 6 - excluded from master table and resistance-rate denominators,v1,2026-07-07
SOAR_207965,2235753,Evaluable=N per Step 6 - excluded from master table and resistance-rate denominators,v1,2026-07-07
SOAR_207965,2235754,Evaluable=N per Step 6 - excluded from master table and resistance-rate denominators,v1,2026-07-07
SOAR_207965,2235667,Evaluable=N per Step 6 - excluded from master table and resistance-rate denominators,v1,2026-07-07
SOAR_207965,2179606,Evaluable=N per Step 6 - excluded from master table and resistance-rate denominators,v1,2026-07-07
SOAR_207965,2317363,Evaluable=N per Step 6 - excluded from master table and resistance-rate denominators,v1,2026-07-07
SOAR_207965,2179705,Evaluable=N per Step 6 - excluded from master table and resistance-rate denominators,v1,2026-07-07
SOAR_207965,2235669,Evaluable=N per Step 6 - excluded from master table and resistance-rate denominators,v1,2026-07-07
SOAR_207965,2179714,Evaluable=N per Step 6 - excluded from master table and resistance-rate denominators,v1,2026-07-07
SOAR_207965,2317467,Evaluable=N per Step 6 - excluded from master table and resistance-rate denominators,v1,2026-07-07
SOAR_207965,2317428,Evaluable=N per Step 6 - excluded from master table and resistance-rate denominators,v1,2026-07-07
SOAR_207965,2317464,Evaluable=N per Step 6 - excluded from master table and resistance-rate denominators,v1,2026-07-07
SOAR_207965,2235685,Evaluable=N per Step 6 - excluded from master table and resistance-rate denominators,v1,2026-07-07
SOAR_207965,2317358,Evaluable=N per Step 6 - excluded from master table and resistance-rate denominators,v1,2026-07-07
SOAR_207965,2179701,Evaluable=N per Step 6 - excluded from master table and resistance-rate denominators,v1,2026-07-07
SOAR_207965,2179700,Evaluable=N per Step 6 - excluded from master table and resistance-rate denominators,v1,2026-07-07
SOAR_207965,2235746,Evaluable=N per Step 6 - excluded from master table and resistance-rate denominators,v1,2026-07-07
SOAR_207965,2317329,Evaluable=N per Step 6 - excluded from master table and resistance-rate denominators,v1,2026-07-07
SOAR_207965,2317330,Evaluable=N per Step 6 - excluded from master table and resistance-rate denominators,v1,2026-07-07
SOAR_207965,2317446,Evaluable=N per Step 6 - excluded from master table and resistance-rate denominators,v1,2026-07-07
SOAR_207965,2317433,Evaluable=N per Step 6 - excluded from master table and resistance-rate denominators,v1,2026-07-07
SOAR_207965,2317460,Evaluable=N per Step 6 - excluded from master table and resistance-rate denominators,v1,2026-07-07
SOAR_207965,2235693,Evaluable=N per Step 6 - excluded from master table and resistance-rate denominators,v1,2026-07-07
SOAR_207965,2317454,Evaluable=N per Step 6 - excluded from master table and resistance-rate denominators,v1,2026-07-07
SOAR_207965,2179710,Evaluable=N per Step 6 - excluded from master table and resistance-rate denominators,v1,2026-07-07
SOAR_207965,2317481,Evaluable=N per Step 6 - excluded from master table and resistance-rate denominators,v1,2026-07-07
SOAR_207965,2179718,Evaluable=N per Step 6 - excluded from master table and resistance-rate denominators,v1,2026-07-07
SOAR_207965,2179687,Evaluable=N per Step 6 - excluded from master table and resistance-rate denominators,v1,2026-07-07
SOAR_207965,2179679,Evaluable=N per Step 6 - excluded from master table and resistance-rate denominators,v1,2026-07-07
SOAR_207965,2179698,Evaluable=N per Step 6 - excluded from master table and resistance-rate denominators,v1,2026-07-07
SOAR_207965,2235717,Evaluable=N per Step 6 - excluded from master table and resistance-rate denominators,v1,2026-07-07
SOAR_207965,2179706,Evaluable=N per Step 6 - excluded from master table and resistance-rate denominators,v1,2026-07-07
SOAR_207965,2179667,Evaluable=N per Step 6 - excluded from master table and resistance-rate denominators,v1,2026-07-07
SOAR_207965,2179690,Evaluable=N per Step 6 - excluded from master table and resistance-rate denominators,v1,2026-07-07
SOAR_207965,2235745,Evaluable=N per Step 6 - excluded from master table and resistance-rate denominators,v1,2026-07-07
SOAR_207965,2317427,Evaluable=N per Step 6 - excluded from master table and resistance-rate denominators,v1,2026-07-07
SOAR_207965,2317425,Evaluable=N per Step 6 - excluded from master table and resistance-rate denominators,v1,2026-07-07
SOAR_207965,2179689,Evaluable=N per Step 6 - excluded from master table and resistance-rate denominators,v1,2026-07-07
SOAR_207965,2179669,Evaluable=N per Step 6 - excluded from master table and resistance-rate denominators,v1,2026-07-07
SOAR_207965,2179463,Evaluable=N per Step 6 - excluded from master table and resistance-rate denominators,v1,2026-07-07
SOAR_207965,2317434,Evaluable=N per Step 6 - excluded from master table and resistance-rate denominators,v1,2026-07-07
SOAR_207965,2317430,Evaluable=N per Step 6 - excluded from master table and resistance-rate denominators,v1,2026-07-07
SOAR_207965,2179719,Evaluable=N per Step 6 - excluded from master table and resistance-rate denominators,v1,2026-07-07
SOAR_207965,2179455,Evaluable=N per Step 6 - excluded from master table and resistance-rate denominators,v1,2026-07-07
SOAR_207965,2179720,Evaluable=N per Step 6 - excluded from master table and resistance-rate denominators,v1,2026-07-07
SOAR_207965,2317479,Evaluable=N per Step 6 - excluded from master table and resistance-rate denominators,v1,2026-07-07
SOAR_207965,2179469,Evaluable=N per Step 6 - excluded from master table and resistance-rate denominators,v1,2026-07-07
SOAR_207965,2179432,Evaluable=N per Step 6 - excluded from master table and resistance-rate denominators,v1,2026-07-07
SOAR_207965,2179453,Evaluable=N per Step 6 - excluded from master table and resistance-rate denominators,v1,2026-07-07
SOAR_207965,2179431,Evaluable=N per Step 6 - excluded from master table and resistance-rate denominators,v1,2026-07-07
SOAR_207965,2317442,Evaluable=N per Step 6 - excluded from master table and resistance-rate denominators,v1,2026-07-07
SOAR_207965,2179708,Evaluable=N per Step 6 - excluded from master table and resistance-rate denominators,v1,2026-07-07
SOAR_207965,2235683,Evaluable=N per Step 6 - excluded from master table and resistance-rate denominators,v1,2026-07-07
SOAR_207965,2179711,Evaluable=N per Step 6 - excluded from master table and resistance-rate denominators,v1,2026-07-07
SOAR_207965,2235720,Evaluable=N per Step 6 - excluded from master table and resistance-rate denominators,v1,2026-07-07
SOAR_207965,2179456,Evaluable=N per Step 6 - excluded from master table and resistance-rate denominators,v1,2026-07-07
SOAR_207965,2235686,Evaluable=N per Step 6 - excluded from master table and resistance-rate denominators,v1,2026-07-07
SOAR_207965,2179713,Evaluable=N per Step 6 - excluded from master table and resistance-rate denominators,v1,2026-07-07
SOAR_207965,2317484,Evaluable=N per Step 6 - excluded from master table and resistance-rate denominators,v1,2026-07-07
SOAR_207965,2317480,Evaluable=N per Step 6 - excluded from master table and resistance-rate denominators,v1,2026-07-07
SOAR_207965,2179722,Evaluable=N per Step 6 - excluded from master table and resistance-rate denominators,v1,2026-07-07
SOAR_207965,2179726,Evaluable=N per Step 6 - excluded from master table and resistance-rate denominators,v1,2026-07-07
SOAR_207965,2179727,Evaluable=N per Step 6 - excluded from master table and resistance-rate denominators,v1,2026-07-07
SOAR_207965,2179730,Evaluable=N per Step 6 - excluded from master table and resistance-rate denominators,v1,2026-07-07
SOAR_207965,2179724,Evaluable=N per Step 6 - excluded from master table and resistance-rate denominators,v1,2026-07-07
SOAR_207965,2179729,Evaluable=N per Step 6 - excluded from master table and resistance-rate denominators,v1,2026-07-07
SOAR_207965,2179709,Evaluable=N per Step 6 - excluded from master table and resistance-rate denominators,v1,2026-07-07
SOAR_207965,2179452,Evaluable=N per Step 6 - excluded from master table and resistance-rate denominators,v1,2026-07-07
SOAR_207965,2317468,Evaluable=N per Step 6 - excluded from master table and resistance-rate denominators,v1,2026-07-07
SOAR_207965,2179721,Evaluable=N per Step 6 - excluded from master table and resistance-rate denominators,v1,2026-07-07
SOAR_207965,2235726,Evaluable=N per Step 6 - excluded from master table and resistance-rate denominators,v1,2026-07-07
SOAR_207965,2235676,Evaluable=N per Step 6 - excluded from master table and resistance-rate denominators,v1,2026-07-07
SOAR_207965,2317420,Evaluable=N per Step 6 - excluded from master table and resistance-rate denominators,v1,2026-07-07
SOAR_207965,2317426,Evaluable=N per Step 6 - excluded from master table and resistance-rate denominators,v1,2026-07-07
SOAR_207965,2235730,Evaluable=N per Step 6 - excluded from master table and resistance-rate denominators,v1,2026-07-07
SOAR_207965,2235677,Evaluable=N per Step 6 - excluded from master table and resistance-rate denominators,v1,2026-07-07
SOAR_207965,2161397,Evaluable=N per Step 6 - excluded from master table and resistance-rate denominators,v1,2026-07-07
SOAR_207965,2161400,Evaluable=N per Step 6 - excluded from master table and resistance-rate denominators,v1,2026-07-07
SOAR_207965,2161430,Evaluable=N per Step 6 - excluded from master table and resistance-rate denominators,v1,2026-07-07
SOAR_207965,2161540,Evaluable=N per Step 6 - excluded from master table and resistance-rate denominators,v1,2026-07-07
SOAR_207965,2161399,Evaluable=N per Step 6 - excluded from master table and resistance-rate denominators,v1,2026-07-07
SOAR_207965,2340902,Evaluable=N per Step 6 - excluded from master table and resistance-rate denominators,v1,2026-07-07
SOAR_207965,2161509,Evaluable=N per Step 6 - excluded from master table and resistance-rate denominators,v1,2026-07-07
SOAR_207965,2161500,Evaluable=N per Step 6 - excluded from master table and resistance-rate denominators,v1,2026-07-07
SOAR_207965,2161542,Evaluable=N per Step 6 - excluded from master table and resistance-rate denominators,v1,2026-07-07
SOAR_207965,2161533,Evaluable=N per Step 6 - excluded from master table and resistance-rate denominators,v1,2026-07-07
SOAR_207965,2161537,Evaluable=N per Step 6 - excluded from master table and resistance-rate denominators,v1,2026-07-07
SOAR_207965,2161538,Evaluable=N per Step 6 - excluded from master table and resistance-rate denominators,v1,2026-07-07
SOAR_207965,2340921,Evaluable=N per Step 6 - excluded from master table and resistance-rate denominators,v1,2026-07-07
SOAR_207965,2341025,Evaluable=N per Step 6 - excluded from master table and resistance-rate denominators,v1,2026-07-07
SOAR_207965,2341028,Evaluable=N per Step 6 - excluded from master table and resistance-rate denominators,v1,2026-07-07
SOAR_207965,2340889,Evaluable=N per Step 6 - excluded from master table and resistance-rate denominators,v1,2026-07-07
SOAR_207965,2340879,Evaluable=N per Step 6 - excluded from master table and resistance-rate denominators,v1,2026-07-07
SOAR_207965,2341009,Evaluable=N per Step 6 - excluded from master table and resistance-rate denominators,v1,2026-07-07
SOAR_207965,2341013,Evaluable=N per Step 6 - excluded from master table and resistance-rate denominators,v1,2026-07-07
SOAR_207965,2340997,Evaluable=N per Step 6 - excluded from master table and resistance-rate denominators,v1,2026-07-07
SOAR_207965,2340898,Evaluable=N per Step 6 - excluded from master table and resistance-rate denominators,v1,2026-07-07
SOAR_207965,2340890,Evaluable=N per Step 6 - excluded from master table and resistance-rate denominators,v1,2026-07-07
SOAR_207965,2340937,Evaluable=N per Step 6 - excluded from master table and resistance-rate denominators,v1,2026-07-07
SOAR_207965,2340983,Evaluable=N per Step 6 - excluded from master table and resistance-rate denominators,v1,2026-07-07
SOAR_207965,2340988,Evaluable=N per Step 6 - excluded from master table and resistance-rate denominators,v1,2026-07-07
SOAR_207965,2341015,Evaluable=N per Step 6 - excluded from master table and resistance-rate denominators,v1,2026-07-07
SOAR_207965,2341023,Evaluable=N per Step 6 - excluded from master table and resistance-rate denominators,v1,2026-07-07
SOAR_207965,2340939,Evaluable=N per Step 6 - excluded from master table and resistance-rate denominators,v1,2026-07-07
SOAR_207965,2340922,Evaluable=N per Step 6 - excluded from master table and resistance-rate denominators,v1,2026-07-07
SOAR_207965,2341024,Evaluable=N per Step 6 - excluded from master table and resistance-rate denominators,v1,2026-07-07
SOAR_207965,2340981,Evaluable=N per Step 6 - excluded from master table and resistance-rate denominators,v1,2026-07-07
SOAR_207965,2340987,Evaluable=N per Step 6 - excluded from master table and resistance-rate denominators,v1,2026-07-07
SOAR_207965,2340927,Evaluable=N per Step 6 - excluded from master table and resistance-rate denominators,v1,2026-07-07
SOAR_207965,2340886,Evaluable=N per Step 6 - excluded from master table and resistance-rate denominators,v1,2026-07-07
SOAR_207965,2340936,Evaluable=N per Step 6 - excluded from master table and resistance-rate denominators,v1,2026-07-07
SOAR_207965,2340959,Evaluable=N per Step 6 - excluded from master table and resistance-rate denominators,v1,2026-07-07
SOAR_207965,2340947,Evaluable=N per Step 6 - excluded from master table and resistance-rate denominators,v1,2026-07-07
SOAR_207965,2340938,Evaluable=N per Step 6 - excluded from master table and resistance-rate denominators,v1,2026-07-07
SOAR_207965,2340853,Evaluable=N per Step 6 - excluded from master table and resistance-rate denominators,v1,2026-07-07
SOAR_207965,2340836,Evaluable=N per Step 6 - excluded from master table and resistance-rate denominators,v1,2026-07-07
SOAR_207965,2340955,Evaluable=N per Step 6 - excluded from master table and resistance-rate denominators,v1,2026-07-07
SOAR_207965,2340949,Evaluable=N per Step 6 - excluded from master table and resistance-rate denominators,v1,2026-07-07
SOAR_207965,2340859,Evaluable=N per Step 6 - excluded from master table and resistance-rate denominators,v1,2026-07-07
SOAR_207965,2340974,Evaluable=N per Step 6 - excluded from master table and resistance-rate denominators,v1,2026-07-07
SOAR_207965,2340842,Evaluable=N per Step 6 - excluded from master table and resistance-rate denominators,v1,2026-07-07
SOAR_207965,2340829,Evaluable=N per Step 6 - excluded from master table and resistance-rate denominators,v1,2026-07-07
SOAR_207965,2340832,Evaluable=N per Step 6 - excluded from master table and resistance-rate denominators,v1,2026-07-07
SOAR_207965,2340933,Evaluable=N per Step 6 - excluded from master table and resistance-rate denominators,v1,2026-07-07
SOAR_207965,2340861,Evaluable=N per Step 6 - excluded from master table and resistance-rate denominators,v1,2026-07-07
SOAR_207965,2340951,Evaluable=N per Step 6 - excluded from master table and resistance-rate denominators,v1,2026-07-07
SOAR_207965,2340964,Evaluable=N per Step 6 - excluded from master table and resistance-rate denominators,v1,2026-07-07
SOAR_207965,2340935,Evaluable=N per Step 6 - excluded from master table and resistance-rate denominators,v1,2026-07-07
SOAR_207965,2340873,Evaluable=N per Step 6 - excluded from master table and resistance-rate denominators,v1,2026-07-07
SOAR_207965,2340872,Evaluable=N per Step 6 - excluded from master table and resistance-rate denominators,v1,2026-07-07
SOAR_207965,2340849,Evaluable=N per Step 6 - excluded from master table and resistance-rate denominators,v1,2026-07-07
SOAR_207965,2340866,Evaluable=N per Step 6 - excluded from master table and resistance-rate denominators,v1,2026-07-07
SOAR_207965,2340948,Evaluable=N per Step 6 - excluded from master table and resistance-rate denominators,v1,2026-07-07
SOAR_207965,2340856,Evaluable=N per Step 6 - excluded from master table and resistance-rate denominators,v1,2026-07-07
SOAR_207965,2340960,Evaluable=N per Step 6 - excluded from master table and resistance-rate denominators,v1,2026-07-07
SOAR_207965,2340843,Evaluable=N per Step 6 - excluded from master table and resistance-rate denominators,v1,2026-07-07
SOAR_207965,2340844,Evaluable=N per Step 6 - excluded from master table and resistance-rate denominators,v1,2026-07-07
SOAR_207965,2340968,Evaluable=N per Step 6 - excluded from master table and resistance-rate denominators,v1,2026-07-07
SOAR_207965,2340934,Evaluable=N per Step 6 - excluded from master table and resistance-rate denominators,v1,2026-07-07
SOAR_207965,2340932,Evaluable=N per Step 6 - excluded from master table and resistance-rate denominators,v1,2026-07-07
SOAR_207965,2340967,Evaluable=N per Step 6 - excluded from master table and resistance-rate denominators,v1,2026-07-07
SOAR_207965,2340978,Evaluable=N per Step 6 - excluded from master table and resistance-rate denominators,v1,2026-07-07
SOAR_207965,2340930,Evaluable=N per Step 6 - excluded from master table and resistance-rate denominators,v1,2026-07-07
SOAR_207965,2340831,Evaluable=N per Step 6 - excluded from master table and resistance-rate denominators,v1,2026-07-07
SOAR_207965,2340863,Evaluable=N per Step 6 - excluded from master table and resistance-rate denominators,v1,2026-07-07
SOAR_207965,2340966,Evaluable=N per Step 6 - excluded from master table and resistance-rate denominators,v1,2026-07-07
SOAR_207965,2340864,Evaluable=N per Step 6 - excluded from master table and resistance-rate denominators,v1,2026-07-07
SOAR_207965,2340953,Evaluable=N per Step 6 - excluded from master table and resistance-rate denominators,v1,2026-07-07
SOAR_207965,2340929,Evaluable=N per Step 6 - excluded from master table and resistance-rate denominators,v1,2026-07-07
SOAR_207965,2340874,Evaluable=N per Step 6 - excluded from master table and resistance-rate denominators,v1,2026-07-07
SOAR_207965,2278228,Evaluable=N per Step 6 - excluded from master table and resistance-rate denominators,v1,2026-07-07
SOAR_207965,2278246,Evaluable=N per Step 6 - excluded from master table and resistance-rate denominators,v1,2026-07-07
SOAR_207965,2278312,Evaluable=N per Step 6 - excluded from master table and resistance-rate denominators,v1,2026-07-07
SOAR_207965,2278329,Evaluable=N per Step 6 - excluded from master table and resistance-rate denominators,v1,2026-07-07
