cohort,row_index,evaluable_flag,reason,version,date_added
SOAR_207965,10,N,Evaluable = N; excluded from resistance-rate denominators per Step 6 Action,v1,2026-07-06
SOAR_207965,25,N,Evaluable = N; excluded from resistance-rate denominators per Step 6 Action,v1,2026-07-06
SOAR_207965,35,N,Evaluable = N; excluded from resistance-rate denominators per Step 6 Action,v1,2026-07-06
SOAR_207965,39,N,Evaluable = N; excluded from resistance-rate denominators per Step 6 Action,v1,2026-07-06
SOAR_207965,56,N,Evaluable = N; excluded from resistance-rate denominators per Step 6 Action,v1,2026-07-06
SOAR_207965,57,N,Evaluable = N; excluded from resistance-rate denominators per Step 6 Action,v1,2026-07-06
SOAR_207965,96,N,Evaluable = N; excluded from resistance-rate denominators per Step 6 Action,v1,2026-07-06
SOAR_207965,126,N,Evaluable = N; excluded from resistance-rate denominators per Step 6 Action,v1,2026-07-06
SOAR_207965,144,N,Evaluable = N; excluded from resistance-rate denominators per Step 6 Action,v1,2026-07-06
SOAR_207965,145,N,Evaluable = N; excluded from resistance-rate denominators per Step 6 Action,v1,2026-07-06
SOAR_207965,146,N,Evaluable = N; excluded from resistance-rate denominators per Step 6 Action,v1,2026-07-06
SOAR_207965,163,N,Evaluable = N; excluded from resistance-rate denominators per Step 6 Action,v1,2026-07-06
SOAR_207965,164,N,Evaluable = N; excluded from resistance-rate denominators per Step 6 Action,v1,2026-07-06
SOAR_207965,173,N,Evaluable = N; excluded from resistance-rate denominators per Step 6 Action,v1,2026-07-06
SOAR_207965,189,N,Evaluable = N; excluded from resistance-rate denominators per Step 6 Action,v1,2026-07-06
SOAR_207965,234,N,Evaluable = N; excluded from resistance-rate denominators per Step 6 Action,v1,2026-07-06
SOAR_207965,254,N,Evaluable = N; excluded from resistance-rate denominators per Step 6 Action,v1,2026-07-06
SOAR_207965,316,N,Evaluable = N; excluded from resistance-rate denominators per Step 6 Action,v1,2026-07-06
SOAR_207965,317,N,Evaluable = N; excluded from resistance-rate denominators per Step 6 Action,v1,2026-07-06
SOAR_207965,318,N,Evaluable = N; excluded from resistance-rate denominators per Step 6 Action,v1,2026-07-06
SOAR_207965,319,N,Evaluable = N; excluded from resistance-rate denominators per Step 6 Action,v1,2026-07-06
SOAR_207965,320,N,Evaluable = N; excluded from resistance-rate denominators per Step 6 Action,v1,2026-07-06
SOAR_207965,321,N,Evaluable = N; excluded from resistance-rate denominators per Step 6 Action,v1,2026-07-06
SOAR_207965,335,N,Evaluable = N; excluded from resistance-rate denominators per Step 6 Action,v1,2026-07-06
SOAR_207965,336,N,Evaluable = N; excluded from resistance-rate denominators per Step 6 Action,v1,2026-07-06
SOAR_207965,337,N,Evaluable = N; excluded from resistance-rate denominators per Step 6 Action,v1,2026-07-06
SOAR_207965,342,N,Evaluable = N; excluded from resistance-rate denominators per Step 6 Action,v1,2026-07-06
SOAR_207965,345,N,Evaluable = N; excluded from resistance-rate denominators per Step 6 Action,v1,2026-07-06
SOAR_207965,376,N,Evaluable = N; excluded from resistance-rate denominators per Step 6 Action,v1,2026-07-06
SOAR_207965,397,N,Evaluable = N; excluded from resistance-rate denominators per Step 6 Action,v1,2026-07-06
SOAR_207965,409,N,Evaluable = N; excluded from resistance-rate denominators per Step 6 Action,v1,2026-07-06
SOAR_207965,410,N,Evaluable = N; excluded from resistance-rate denominators per Step 6 Action,v1,2026-07-06
SOAR_207965,479,N,Evaluable = N; excluded from resistance-rate denominators per Step 6 Action,v1,2026-07-06
SOAR_207965,508,N,Evaluable = N; excluded from resistance-rate denominators per Step 6 Action,v1,2026-07-06
SOAR_207965,509,N,Evaluable = N; excluded from resistance-rate denominators per Step 6 Action,v1,2026-07-06
SOAR_207965,516,N,Evaluable = N; excluded from resistance-rate denominators per Step 6 Action,v1,2026-07-06
SOAR_207965,565,N,Evaluable = N; excluded from resistance-rate denominators per Step 6 Action,v1,2026-07-06
SOAR_207965,566,N,Evaluable = N; excluded from resistance-rate denominators per Step 6 Action,v1,2026-07-06
SOAR_207965,567,N,Evaluable = N; excluded from resistance-rate denominators per Step 6 Action,v1,2026-07-06
SOAR_207965,568,N,Evaluable = N; excluded from resistance-rate denominators per Step 6 Action,v1,2026-07-06
SOAR_207965,569,N,Evaluable = N; excluded from resistance-rate denominators per Step 6 Action,v1,2026-07-06
SOAR_207965,570,N,Evaluable = N; excluded from resistance-rate denominators per Step 6 Action,v1,2026-07-06
SOAR_207965,571,N,Evaluable = N; excluded from resistance-rate denominators per Step 6 Action,v1,2026-07-06
SOAR_207965,582,N,Evaluable = N; excluded from resistance-rate denominators per Step 6 Action,v1,2026-07-06
SOAR_207965,583,N,Evaluable = N; excluded from resistance-rate denominators per Step 6 Action,v1,2026-07-06
SOAR_207965,584,N,Evaluable = N; excluded from resistance-rate denominators per Step 6 Action,v1,2026-07-06
SOAR_207965,585,N,Evaluable = N; excluded from resistance-rate denominators per Step 6 Action,v1,2026-07-06
SOAR_207965,586,N,Evaluable = N; excluded from resistance-rate denominators per Step 6 Action,v1,2026-07-06
SOAR_207965,589,N,Evaluable = N; excluded from resistance-rate denominators per Step 6 Action,v1,2026-07-06
SOAR_207965,590,N,Evaluable = N; excluded from resistance-rate denominators per Step 6 Action,v1,2026-07-06
SOAR_207965,604,N,Evaluable = N; excluded from resistance-rate denominators per Step 6 Action,v1,2026-07-06
SOAR_207965,605,N,Evaluable = N; excluded from resistance-rate denominators per Step 6 Action,v1,2026-07-06
SOAR_207965,606,N,Evaluable = N; excluded from resistance-rate denominators per Step 6 Action,v1,2026-07-06
SOAR_207965,607,N,Evaluable = N; excluded from resistance-rate denominators per Step 6 Action,v1,2026-07-06
SOAR_207965,608,N,Evaluable = N; excluded from resistance-rate denominators per Step 6 Action,v1,2026-07-06
SOAR_207965,609,N,Evaluable = N; excluded from resistance-rate denominators per Step 6 Action,v1,2026-07-06
SOAR_207965,610,N,Evaluable = N; excluded from resistance-rate denominators per Step 6 Action,v1,2026-07-06
SOAR_207965,611,N,Evaluable = N; excluded from resistance-rate denominators per Step 6 Action,v1,2026-07-06
SOAR_207965,612,N,Evaluable = N; excluded from resistance-rate denominators per Step 6 Action,v1,2026-07-06
SOAR_207965,623,N,Evaluable = N; excluded from resistance-rate denominators per Step 6 Action,v1,2026-07-06
SOAR_207965,624,N,Evaluable = N; excluded from resistance-rate denominators per Step 6 Action,v1,2026-07-06
SOAR_207965,625,N,Evaluable = N; excluded from resistance-rate denominators per Step 6 Action,v1,2026-07-06
SOAR_207965,626,N,Evaluable = N; excluded from resistance-rate denominators per Step 6 Action,v1,2026-07-06
SOAR_207965,635,N,Evaluable = N; excluded from resistance-rate denominators per Step 6 Action,v1,2026-07-06
SOAR_207965,636,N,Evaluable = N; excluded from resistance-rate denominators per Step 6 Action,v1,2026-07-06
SOAR_207965,637,N,Evaluable = N; excluded from resistance-rate denominators per Step 6 Action,v1,2026-07-06
SOAR_207965,643,N,Evaluable = N; excluded from resistance-rate denominators per Step 6 Action,v1,2026-07-06
SOAR_207965,664,N,Evaluable = N; excluded from resistance-rate denominators per Step 6 Action,v1,2026-07-06
SOAR_207965,665,N,Evaluable = N; excluded from resistance-rate denominators per Step 6 Action,v1,2026-07-06
SOAR_207965,666,N,Evaluable = N; excluded from resistance-rate denominators per Step 6 Action,v1,2026-07-06
SOAR_207965,667,N,Evaluable = N; excluded from resistance-rate denominators per Step 6 Action,v1,2026-07-06
SOAR_207965,676,N,Evaluable = N; excluded from resistance-rate denominators per Step 6 Action,v1,2026-07-06
SOAR_207965,677,N,Evaluable = N; excluded from resistance-rate denominators per Step 6 Action,v1,2026-07-06
SOAR_207965,678,N,Evaluable = N; excluded from resistance-rate denominators per Step 6 Action,v1,2026-07-06
SOAR_207965,679,N,Evaluable = N; excluded from resistance-rate denominators per Step 6 Action,v1,2026-07-06
SOAR_207965,694,N,Evaluable = N; excluded from resistance-rate denominators per Step 6 Action,v1,2026-07-06
SOAR_207965,695,N,Evaluable = N; excluded from resistance-rate denominators per Step 6 Action,v1,2026-07-06
SOAR_207965,696,N,Evaluable = N; excluded from resistance-rate denominators per Step 6 Action,v1,2026-07-06
SOAR_207965,697,N,Evaluable = N; excluded from resistance-rate denominators per Step 6 Action,v1,2026-07-06
SOAR_207965,698,N,Evaluable = N; excluded from resistance-rate denominators per Step 6 Action,v1,2026-07-06
SOAR_207965,699,N,Evaluable = N; excluded from resistance-rate denominators per Step 6 Action,v1,2026-07-06
SOAR_207965,700,N,Evaluable = N; excluded from resistance-rate denominators per Step 6 Action,v1,2026-07-06
SOAR_207965,701,N,Evaluable = N; excluded from resistance-rate denominators per Step 6 Action,v1,2026-07-06
SOAR_207965,702,N,Evaluable = N; excluded from resistance-rate denominators per Step 6 Action,v1,2026-07-06
SOAR_207965,705,N,Evaluable = N; excluded from resistance-rate denominators per Step 6 Action,v1,2026-07-06
SOAR_207965,706,N,Evaluable = N; excluded from resistance-rate denominators per Step 6 Action,v1,2026-07-06
SOAR_207965,788,N,Evaluable = N; excluded from resistance-rate denominators per Step 6 Action,v1,2026-07-06
SOAR_207965,845,N,Evaluable = N; excluded from resistance-rate denominators per Step 6 Action,v1,2026-07-06
SOAR_207965,846,N,Evaluable = N; excluded from resistance-rate denominators per Step 6 Action,v1,2026-07-06
SOAR_207965,847,N,Evaluable = N; excluded from resistance-rate denominators per Step 6 Action,v1,2026-07-06
SOAR_207965,848,N,Evaluable = N; excluded from resistance-rate denominators per Step 6 Action,v1,2026-07-06
SOAR_207965,849,N,Evaluable = N; excluded from resistance-rate denominators per Step 6 Action,v1,2026-07-06
SOAR_207965,856,N,Evaluable = N; excluded from resistance-rate denominators per Step 6 Action,v1,2026-07-06
SOAR_207965,857,N,Evaluable = N; excluded from resistance-rate denominators per Step 6 Action,v1,2026-07-06
SOAR_207965,858,N,Evaluable = N; excluded from resistance-rate denominators per Step 6 Action,v1,2026-07-06
SOAR_207965,859,N,Evaluable = N; excluded from resistance-rate denominators per Step 6 Action,v1,2026-07-06
SOAR_207965,860,N,Evaluable = N; excluded from resistance-rate denominators per Step 6 Action,v1,2026-07-06
SOAR_207965,861,N,Evaluable = N; excluded from resistance-rate denominators per Step 6 Action,v1,2026-07-06
SOAR_207965,862,N,Evaluable = N; excluded from resistance-rate denominators per Step 6 Action,v1,2026-07-06
SOAR_207965,863,N,Evaluable = N; excluded from resistance-rate denominators per Step 6 Action,v1,2026-07-06
SOAR_207965,864,N,Evaluable = N; excluded from resistance-rate denominators per Step 6 Action,v1,2026-07-06
SOAR_207965,865,N,Evaluable = N; excluded from resistance-rate denominators per Step 6 Action,v1,2026-07-06
SOAR_207965,872,N,Evaluable = N; excluded from resistance-rate denominators per Step 6 Action,v1,2026-07-06
SOAR_207965,873,N,Evaluable = N; excluded from resistance-rate denominators per Step 6 Action,v1,2026-07-06
SOAR_207965,874,N,Evaluable = N; excluded from resistance-rate denominators per Step 6 Action,v1,2026-07-06
SOAR_207965,875,N,Evaluable = N; excluded from resistance-rate denominators per Step 6 Action,v1,2026-07-06
SOAR_207965,876,N,Evaluable = N; excluded from resistance-rate denominators per Step 6 Action,v1,2026-07-06
SOAR_207965,877,N,Evaluable = N; excluded from resistance-rate denominators per Step 6 Action,v1,2026-07-06
SOAR_207965,878,N,Evaluable = N; excluded from resistance-rate denominators per Step 6 Action,v1,2026-07-06
SOAR_207965,879,N,Evaluable = N; excluded from resistance-rate denominators per Step 6 Action,v1,2026-07-06
SOAR_207965,880,N,Evaluable = N; excluded from resistance-rate denominators per Step 6 Action,v1,2026-07-06
SOAR_207965,881,N,Evaluable = N; excluded from resistance-rate denominators per Step 6 Action,v1,2026-07-06
SOAR_207965,895,N,Evaluable = N; excluded from resistance-rate denominators per Step 6 Action,v1,2026-07-06
SOAR_207965,896,N,Evaluable = N; excluded from resistance-rate denominators per Step 6 Action,v1,2026-07-06
SOAR_207965,897,N,Evaluable = N; excluded from resistance-rate denominators per Step 6 Action,v1,2026-07-06
SOAR_207965,898,N,Evaluable = N; excluded from resistance-rate denominators per Step 6 Action,v1,2026-07-06
SOAR_207965,899,N,Evaluable = N; excluded from resistance-rate denominators per Step 6 Action,v1,2026-07-06
SOAR_207965,900,N,Evaluable = N; excluded from resistance-rate denominators per Step 6 Action,v1,2026-07-06
SOAR_207965,909,N,Evaluable = N; excluded from resistance-rate denominators per Step 6 Action,v1,2026-07-06
SOAR_207965,910,N,Evaluable = N; excluded from resistance-rate denominators per Step 6 Action,v1,2026-07-06
SOAR_207965,911,N,Evaluable = N; excluded from resistance-rate denominators per Step 6 Action,v1,2026-07-06
SOAR_207965,912,N,Evaluable = N; excluded from resistance-rate denominators per Step 6 Action,v1,2026-07-06
SOAR_207965,913,N,Evaluable = N; excluded from resistance-rate denominators per Step 6 Action,v1,2026-07-06
SOAR_207965,914,N,Evaluable = N; excluded from resistance-rate denominators per Step 6 Action,v1,2026-07-06
SOAR_207965,915,N,Evaluable = N; excluded from resistance-rate denominators per Step 6 Action,v1,2026-07-06
SOAR_207965,916,N,Evaluable = N; excluded from resistance-rate denominators per Step 6 Action,v1,2026-07-06
SOAR_207965,917,N,Evaluable = N; excluded from resistance-rate denominators per Step 6 Action,v1,2026-07-06
SOAR_207965,918,N,Evaluable = N; excluded from resistance-rate denominators per Step 6 Action,v1,2026-07-06
SOAR_207965,919,N,Evaluable = N; excluded from resistance-rate denominators per Step 6 Action,v1,2026-07-06
SOAR_207965,920,N,Evaluable = N; excluded from resistance-rate denominators per Step 6 Action,v1,2026-07-06
SOAR_207965,921,N,Evaluable = N; excluded from resistance-rate denominators per Step 6 Action,v1,2026-07-06
SOAR_207965,922,N,Evaluable = N; excluded from resistance-rate denominators per Step 6 Action,v1,2026-07-06
SOAR_207965,923,N,Evaluable = N; excluded from resistance-rate denominators per Step 6 Action,v1,2026-07-06
SOAR_207965,934,N,Evaluable = N; excluded from resistance-rate denominators per Step 6 Action,v1,2026-07-06
SOAR_207965,935,N,Evaluable = N; excluded from resistance-rate denominators per Step 6 Action,v1,2026-07-06
SOAR_207965,936,N,Evaluable = N; excluded from resistance-rate denominators per Step 6 Action,v1,2026-07-06
SOAR_207965,937,N,Evaluable = N; excluded from resistance-rate denominators per Step 6 Action,v1,2026-07-06
SOAR_207965,938,N,Evaluable = N; excluded from resistance-rate denominators per Step 6 Action,v1,2026-07-06
SOAR_207965,939,N,Evaluable = N; excluded from resistance-rate denominators per Step 6 Action,v1,2026-07-06
SOAR_207965,940,N,Evaluable = N; excluded from resistance-rate denominators per Step 6 Action,v1,2026-07-06
SOAR_207965,941,N,Evaluable = N; excluded from resistance-rate denominators per Step 6 Action,v1,2026-07-06
SOAR_207965,942,N,Evaluable = N; excluded from resistance-rate denominators per Step 6 Action,v1,2026-07-06
SOAR_207965,950,N,Evaluable = N; excluded from resistance-rate denominators per Step 6 Action,v1,2026-07-06
SOAR_207965,955,N,Evaluable = N; excluded from resistance-rate denominators per Step 6 Action,v1,2026-07-06
SOAR_207965,956,N,Evaluable = N; excluded from resistance-rate denominators per Step 6 Action,v1,2026-07-06
SOAR_207965,957,N,Evaluable = N; excluded from resistance-rate denominators per Step 6 Action,v1,2026-07-06
SOAR_207965,958,N,Evaluable = N; excluded from resistance-rate denominators per Step 6 Action,v1,2026-07-06
SOAR_207965,959,N,Evaluable = N; excluded from resistance-rate denominators per Step 6 Action,v1,2026-07-06
SOAR_207965,960,N,Evaluable = N; excluded from resistance-rate denominators per Step 6 Action,v1,2026-07-06
SOAR_207965,961,N,Evaluable = N; excluded from resistance-rate denominators per Step 6 Action,v1,2026-07-06
SOAR_207965,962,N,Evaluable = N; excluded from resistance-rate denominators per Step 6 Action,v1,2026-07-06
SOAR_207965,963,N,Evaluable = N; excluded from resistance-rate denominators per Step 6 Action,v1,2026-07-06
SOAR_207965,964,N,Evaluable = N; excluded from resistance-rate denominators per Step 6 Action,v1,2026-07-06
SOAR_207965,965,N,Evaluable = N; excluded from resistance-rate denominators per Step 6 Action,v1,2026-07-06
SOAR_207965,966,N,Evaluable = N; excluded from resistance-rate denominators per Step 6 Action,v1,2026-07-06
SOAR_207965,967,N,Evaluable = N; excluded from resistance-rate denominators per Step 6 Action,v1,2026-07-06
SOAR_207965,968,N,Evaluable = N; excluded from resistance-rate denominators per Step 6 Action,v1,2026-07-06
SOAR_207965,969,N,Evaluable = N; excluded from resistance-rate denominators per Step 6 Action,v1,2026-07-06
SOAR_207965,970,N,Evaluable = N; excluded from resistance-rate denominators per Step 6 Action,v1,2026-07-06
SOAR_207965,971,N,Evaluable = N; excluded from resistance-rate denominators per Step 6 Action,v1,2026-07-06
SOAR_207965,972,N,Evaluable = N; excluded from resistance-rate denominators per Step 6 Action,v1,2026-07-06
SOAR_207965,997,N,Evaluable = N; excluded from resistance-rate denominators per Step 6 Action,v1,2026-07-06
SOAR_207965,999,N,Evaluable = N; excluded from resistance-rate denominators per Step 6 Action,v1,2026-07-06
SOAR_207965,1000,N,Evaluable = N; excluded from resistance-rate denominators per Step 6 Action,v1,2026-07-06
SOAR_207965,1001,N,Evaluable = N; excluded from resistance-rate denominators per Step 6 Action,v1,2026-07-06
SOAR_207965,1002,N,Evaluable = N; excluded from resistance-rate denominators per Step 6 Action,v1,2026-07-06
SOAR_207965,1003,N,Evaluable = N; excluded from resistance-rate denominators per Step 6 Action,v1,2026-07-06
SOAR_207965,1004,N,Evaluable = N; excluded from resistance-rate denominators per Step 6 Action,v1,2026-07-06
SOAR_207965,1052,N,Evaluable = N; excluded from resistance-rate denominators per Step 6 Action,v1,2026-07-06
SOAR_207965,1076,N,Evaluable = N; excluded from resistance-rate denominators per Step 6 Action,v1,2026-07-06
SOAR_207965,1077,N,Evaluable = N; excluded from resistance-rate denominators per Step 6 Action,v1,2026-07-06
SOAR_207965,1085,N,Evaluable = N; excluded from resistance-rate denominators per Step 6 Action,v1,2026-07-06
SOAR_207965,1086,N,Evaluable = N; excluded from resistance-rate denominators per Step 6 Action,v1,2026-07-06
SOAR_207965,1087,N,Evaluable = N; excluded from resistance-rate denominators per Step 6 Action,v1,2026-07-06
SOAR_207965,1088,N,Evaluable = N; excluded from resistance-rate denominators per Step 6 Action,v1,2026-07-06
SOAR_207965,1089,N,Evaluable = N; excluded from resistance-rate denominators per Step 6 Action,v1,2026-07-06
SOAR_207965,1090,N,Evaluable = N; excluded from resistance-rate denominators per Step 6 Action,v1,2026-07-06
SOAR_207965,1091,N,Evaluable = N; excluded from resistance-rate denominators per Step 6 Action,v1,2026-07-06
SOAR_207965,1101,N,Evaluable = N; excluded from resistance-rate denominators per Step 6 Action,v1,2026-07-06
SOAR_207965,1102,N,Evaluable = N; excluded from resistance-rate denominators per Step 6 Action,v1,2026-07-06
SOAR_207965,1103,N,Evaluable = N; excluded from resistance-rate denominators per Step 6 Action,v1,2026-07-06
SOAR_207965,1104,N,Evaluable = N; excluded from resistance-rate denominators per Step 6 Action,v1,2026-07-06
SOAR_207965,1105,N,Evaluable = N; excluded from resistance-rate denominators per Step 6 Action,v1,2026-07-06
SOAR_207965,1106,N,Evaluable = N; excluded from resistance-rate denominators per Step 6 Action,v1,2026-07-06
SOAR_207965,1107,N,Evaluable = N; excluded from resistance-rate denominators per Step 6 Action,v1,2026-07-06
SOAR_207965,1108,N,Evaluable = N; excluded from resistance-rate denominators per Step 6 Action,v1,2026-07-06
SOAR_207965,1109,N,Evaluable = N; excluded from resistance-rate denominators per Step 6 Action,v1,2026-07-06
SOAR_207965,1110,N,Evaluable = N; excluded from resistance-rate denominators per Step 6 Action,v1,2026-07-06
SOAR_207965,1111,N,Evaluable = N; excluded from resistance-rate denominators per Step 6 Action,v1,2026-07-06
SOAR_207965,1112,N,Evaluable = N; excluded from resistance-rate denominators per Step 6 Action,v1,2026-07-06
SOAR_207965,1113,N,Evaluable = N; excluded from resistance-rate denominators per Step 6 Action,v1,2026-07-06
SOAR_207965,1114,N,Evaluable = N; excluded from resistance-rate denominators per Step 6 Action,v1,2026-07-06
SOAR_207965,1115,N,Evaluable = N; excluded from resistance-rate denominators per Step 6 Action,v1,2026-07-06
SOAR_207965,1116,N,Evaluable = N; excluded from resistance-rate denominators per Step 6 Action,v1,2026-07-06
SOAR_207965,1122,N,Evaluable = N; excluded from resistance-rate denominators per Step 6 Action,v1,2026-07-06
SOAR_207965,1123,N,Evaluable = N; excluded from resistance-rate denominators per Step 6 Action,v1,2026-07-06
SOAR_207965,1124,N,Evaluable = N; excluded from resistance-rate denominators per Step 6 Action,v1,2026-07-06
SOAR_207965,1125,N,Evaluable = N; excluded from resistance-rate denominators per Step 6 Action,v1,2026-07-06
SOAR_207965,1126,N,Evaluable = N; excluded from resistance-rate denominators per Step 6 Action,v1,2026-07-06
SOAR_207965,1127,N,Evaluable = N; excluded from resistance-rate denominators per Step 6 Action,v1,2026-07-06
SOAR_207965,1128,N,Evaluable = N; excluded from resistance-rate denominators per Step 6 Action,v1,2026-07-06
SOAR_207965,1129,N,Evaluable = N; excluded from resistance-rate denominators per Step 6 Action,v1,2026-07-06
SOAR_207965,1130,N,Evaluable = N; excluded from resistance-rate denominators per Step 6 Action,v1,2026-07-06
SOAR_207965,1131,N,Evaluable = N; excluded from resistance-rate denominators per Step 6 Action,v1,2026-07-06
SOAR_207965,1132,N,Evaluable = N; excluded from resistance-rate denominators per Step 6 Action,v1,2026-07-06
SOAR_207965,1133,N,Evaluable = N; excluded from resistance-rate denominators per Step 6 Action,v1,2026-07-06
SOAR_207965,1134,N,Evaluable = N; excluded from resistance-rate denominators per Step 6 Action,v1,2026-07-06
SOAR_207965,1146,N,Evaluable = N; excluded from resistance-rate denominators per Step 6 Action,v1,2026-07-06
SOAR_207965,1151,N,Evaluable = N; excluded from resistance-rate denominators per Step 6 Action,v1,2026-07-06
SOAR_207965,1152,N,Evaluable = N; excluded from resistance-rate denominators per Step 6 Action,v1,2026-07-06
SOAR_207965,1153,N,Evaluable = N; excluded from resistance-rate denominators per Step 6 Action,v1,2026-07-06
SOAR_207965,1154,N,Evaluable = N; excluded from resistance-rate denominators per Step 6 Action,v1,2026-07-06
SOAR_207965,1155,N,Evaluable = N; excluded from resistance-rate denominators per Step 6 Action,v1,2026-07-06
SOAR_207965,1156,N,Evaluable = N; excluded from resistance-rate denominators per Step 6 Action,v1,2026-07-06
SOAR_207965,1157,N,Evaluable = N; excluded from resistance-rate denominators per Step 6 Action,v1,2026-07-06
SOAR_207965,1158,N,Evaluable = N; excluded from resistance-rate denominators per Step 6 Action,v1,2026-07-06
SOAR_207965,1159,N,Evaluable = N; excluded from resistance-rate denominators per Step 6 Action,v1,2026-07-06
SOAR_207965,1160,N,Evaluable = N; excluded from resistance-rate denominators per Step 6 Action,v1,2026-07-06
SOAR_207965,1167,N,Evaluable = N; excluded from resistance-rate denominators per Step 6 Action,v1,2026-07-06
SOAR_207965,1168,N,Evaluable = N; excluded from resistance-rate denominators per Step 6 Action,v1,2026-07-06
SOAR_207965,1169,N,Evaluable = N; excluded from resistance-rate denominators per Step 6 Action,v1,2026-07-06
SOAR_207965,1170,N,Evaluable = N; excluded from resistance-rate denominators per Step 6 Action,v1,2026-07-06
SOAR_207965,1171,N,Evaluable = N; excluded from resistance-rate denominators per Step 6 Action,v1,2026-07-06
SOAR_207965,1172,N,Evaluable = N; excluded from resistance-rate denominators per Step 6 Action,v1,2026-07-06
SOAR_207965,1173,N,Evaluable = N; excluded from resistance-rate denominators per Step 6 Action,v1,2026-07-06
SOAR_207965,1174,N,Evaluable = N; excluded from resistance-rate denominators per Step 6 Action,v1,2026-07-06
SOAR_207965,1175,N,Evaluable = N; excluded from resistance-rate denominators per Step 6 Action,v1,2026-07-06
SOAR_207965,1176,N,Evaluable = N; excluded from resistance-rate denominators per Step 6 Action,v1,2026-07-06
SOAR_207965,1177,N,Evaluable = N; excluded from resistance-rate denominators per Step 6 Action,v1,2026-07-06
SOAR_207965,1308,N,Evaluable = N; excluded from resistance-rate denominators per Step 6 Action,v1,2026-07-06
SOAR_207965,1344,N,Evaluable = N; excluded from resistance-rate denominators per Step 6 Action,v1,2026-07-06
SOAR_207965,1345,N,Evaluable = N; excluded from resistance-rate denominators per Step 6 Action,v1,2026-07-06
SOAR_207965,1346,N,Evaluable = N; excluded from resistance-rate denominators per Step 6 Action,v1,2026-07-06
SOAR_207965,1347,N,Evaluable = N; excluded from resistance-rate denominators per Step 6 Action,v1,2026-07-06
SOAR_207965,1348,N,Evaluable = N; excluded from resistance-rate denominators per Step 6 Action,v1,2026-07-06
SOAR_207965,1349,N,Evaluable = N; excluded from resistance-rate denominators per Step 6 Action,v1,2026-07-06
SOAR_207965,1350,N,Evaluable = N; excluded from resistance-rate denominators per Step 6 Action,v1,2026-07-06
SOAR_207965,1351,N,Evaluable = N; excluded from resistance-rate denominators per Step 6 Action,v1,2026-07-06
SOAR_207965,1352,N,Evaluable = N; excluded from resistance-rate denominators per Step 6 Action,v1,2026-07-06
SOAR_207965,1361,N,Evaluable = N; excluded from resistance-rate denominators per Step 6 Action,v1,2026-07-06
SOAR_207965,1362,N,Evaluable = N; excluded from resistance-rate denominators per Step 6 Action,v1,2026-07-06
SOAR_207965,1363,N,Evaluable = N; excluded from resistance-rate denominators per Step 6 Action,v1,2026-07-06
SOAR_207965,1364,N,Evaluable = N; excluded from resistance-rate denominators per Step 6 Action,v1,2026-07-06
SOAR_207965,1365,N,Evaluable = N; excluded from resistance-rate denominators per Step 6 Action,v1,2026-07-06
SOAR_207965,1366,N,Evaluable = N; excluded from resistance-rate denominators per Step 6 Action,v1,2026-07-06
SOAR_207965,1367,N,Evaluable = N; excluded from resistance-rate denominators per Step 6 Action,v1,2026-07-06
SOAR_207965,1368,N,Evaluable = N; excluded from resistance-rate denominators per Step 6 Action,v1,2026-07-06
SOAR_207965,1380,N,Evaluable = N; excluded from resistance-rate denominators per Step 6 Action,v1,2026-07-06
SOAR_207965,1381,N,Evaluable = N; excluded from resistance-rate denominators per Step 6 Action,v1,2026-07-06
SOAR_207965,1382,N,Evaluable = N; excluded from resistance-rate denominators per Step 6 Action,v1,2026-07-06
SOAR_207965,1387,N,Evaluable = N; excluded from resistance-rate denominators per Step 6 Action,v1,2026-07-06
SOAR_207965,1388,N,Evaluable = N; excluded from resistance-rate denominators per Step 6 Action,v1,2026-07-06
SOAR_207965,1389,N,Evaluable = N; excluded from resistance-rate denominators per Step 6 Action,v1,2026-07-06
SOAR_207965,1390,N,Evaluable = N; excluded from resistance-rate denominators per Step 6 Action,v1,2026-07-06
SOAR_207965,1391,N,Evaluable = N; excluded from resistance-rate denominators per Step 6 Action,v1,2026-07-06
SOAR_207965,1392,N,Evaluable = N; excluded from resistance-rate denominators per Step 6 Action,v1,2026-07-06
SOAR_207965,1397,N,Evaluable = N; excluded from resistance-rate denominators per Step 6 Action,v1,2026-07-06
SOAR_207965,1407,N,Evaluable = N; excluded from resistance-rate denominators per Step 6 Action,v1,2026-07-06
SOAR_207965,1408,N,Evaluable = N; excluded from resistance-rate denominators per Step 6 Action,v1,2026-07-06
SOAR_207965,1409,N,Evaluable = N; excluded from resistance-rate denominators per Step 6 Action,v1,2026-07-06
SOAR_207965,1410,N,Evaluable = N; excluded from resistance-rate denominators per Step 6 Action,v1,2026-07-06
SOAR_207965,1436,N,Evaluable = N; excluded from resistance-rate denominators per Step 6 Action,v1,2026-07-06
SOAR_207965,1437,N,Evaluable = N; excluded from resistance-rate denominators per Step 6 Action,v1,2026-07-06
SOAR_207965,1438,N,Evaluable = N; excluded from resistance-rate denominators per Step 6 Action,v1,2026-07-06
SOAR_207965,1451,N,Evaluable = N; excluded from resistance-rate denominators per Step 6 Action,v1,2026-07-06
SOAR_207965,1452,N,Evaluable = N; excluded from resistance-rate denominators per Step 6 Action,v1,2026-07-06
SOAR_207965,1453,N,Evaluable = N; excluded from resistance-rate denominators per Step 6 Action,v1,2026-07-06
SOAR_207965,1454,N,Evaluable = N; excluded from resistance-rate denominators per Step 6 Action,v1,2026-07-06
SOAR_207965,1455,N,Evaluable = N; excluded from resistance-rate denominators per Step 6 Action,v1,2026-07-06
SOAR_207965,1456,N,Evaluable = N; excluded from resistance-rate denominators per Step 6 Action,v1,2026-07-06
SOAR_207965,1457,N,Evaluable = N; excluded from resistance-rate denominators per Step 6 Action,v1,2026-07-06
SOAR_207965,1458,N,Evaluable = N; excluded from resistance-rate denominators per Step 6 Action,v1,2026-07-06
SOAR_207965,1459,N,Evaluable = N; excluded from resistance-rate denominators per Step 6 Action,v1,2026-07-06
SOAR_207965,1460,N,Evaluable = N; excluded from resistance-rate denominators per Step 6 Action,v1,2026-07-06
SOAR_207965,1461,N,Evaluable = N; excluded from resistance-rate denominators per Step 6 Action,v1,2026-07-06
SOAR_207965,1466,N,Evaluable = N; excluded from resistance-rate denominators per Step 6 Action,v1,2026-07-06
SOAR_207965,1467,N,Evaluable = N; excluded from resistance-rate denominators per Step 6 Action,v1,2026-07-06
SOAR_207965,1468,N,Evaluable = N; excluded from resistance-rate denominators per Step 6 Action,v1,2026-07-06
SOAR_207965,1469,N,Evaluable = N; excluded from resistance-rate denominators per Step 6 Action,v1,2026-07-06
SOAR_207965,1470,N,Evaluable = N; excluded from resistance-rate denominators per Step 6 Action,v1,2026-07-06
SOAR_207965,1486,N,Evaluable = N; excluded from resistance-rate denominators per Step 6 Action,v1,2026-07-06
SOAR_207965,1487,N,Evaluable = N; excluded from resistance-rate denominators per Step 6 Action,v1,2026-07-06
SOAR_207965,1488,N,Evaluable = N; excluded from resistance-rate denominators per Step 6 Action,v1,2026-07-06
SOAR_207965,1489,N,Evaluable = N; excluded from resistance-rate denominators per Step 6 Action,v1,2026-07-06
SOAR_207965,1490,N,Evaluable = N; excluded from resistance-rate denominators per Step 6 Action,v1,2026-07-06
SOAR_207965,1491,N,Evaluable = N; excluded from resistance-rate denominators per Step 6 Action,v1,2026-07-06
SOAR_207965,1492,N,Evaluable = N; excluded from resistance-rate denominators per Step 6 Action,v1,2026-07-06
SOAR_207965,1493,N,Evaluable = N; excluded from resistance-rate denominators per Step 6 Action,v1,2026-07-06
SOAR_207965,1494,N,Evaluable = N; excluded from resistance-rate denominators per Step 6 Action,v1,2026-07-06
SOAR_207965,1500,N,Evaluable = N; excluded from resistance-rate denominators per Step 6 Action,v1,2026-07-06
SOAR_207965,1501,N,Evaluable = N; excluded from resistance-rate denominators per Step 6 Action,v1,2026-07-06
SOAR_207965,1502,N,Evaluable = N; excluded from resistance-rate denominators per Step 6 Action,v1,2026-07-06
SOAR_207965,1503,N,Evaluable = N; excluded from resistance-rate denominators per Step 6 Action,v1,2026-07-06
SOAR_207965,1504,N,Evaluable = N; excluded from resistance-rate denominators per Step 6 Action,v1,2026-07-06
SOAR_207965,1505,N,Evaluable = N; excluded from resistance-rate denominators per Step 6 Action,v1,2026-07-06
SOAR_207965,1506,N,Evaluable = N; excluded from resistance-rate denominators per Step 6 Action,v1,2026-07-06
SOAR_207965,1507,N,Evaluable = N; excluded from resistance-rate denominators per Step 6 Action,v1,2026-07-06
SOAR_207965,1508,N,Evaluable = N; excluded from resistance-rate denominators per Step 6 Action,v1,2026-07-06
SOAR_207965,1511,N,Evaluable = N; excluded from resistance-rate denominators per Step 6 Action,v1,2026-07-06
SOAR_207965,1512,N,Evaluable = N; excluded from resistance-rate denominators per Step 6 Action,v1,2026-07-06
SOAR_207965,1513,N,Evaluable = N; excluded from resistance-rate denominators per Step 6 Action,v1,2026-07-06
SOAR_207965,1514,N,Evaluable = N; excluded from resistance-rate denominators per Step 6 Action,v1,2026-07-06
SOAR_207965,1515,N,Evaluable = N; excluded from resistance-rate denominators per Step 6 Action,v1,2026-07-06
SOAR_207965,1516,N,Evaluable = N; excluded from resistance-rate denominators per Step 6 Action,v1,2026-07-06
SOAR_207965,1517,N,Evaluable = N; excluded from resistance-rate denominators per Step 6 Action,v1,2026-07-06
SOAR_207965,1518,N,Evaluable = N; excluded from resistance-rate denominators per Step 6 Action,v1,2026-07-06
SOAR_207965,1519,N,Evaluable = N; excluded from resistance-rate denominators per Step 6 Action,v1,2026-07-06
SOAR_207965,1520,N,Evaluable = N; excluded from resistance-rate denominators per Step 6 Action,v1,2026-07-06
SOAR_207965,1521,N,Evaluable = N; excluded from resistance-rate denominators per Step 6 Action,v1,2026-07-06
SOAR_207965,1526,N,Evaluable = N; excluded from resistance-rate denominators per Step 6 Action,v1,2026-07-06
SOAR_207965,1527,N,Evaluable = N; excluded from resistance-rate denominators per Step 6 Action,v1,2026-07-06
SOAR_207965,1528,N,Evaluable = N; excluded from resistance-rate denominators per Step 6 Action,v1,2026-07-06
SOAR_207965,1538,N,Evaluable = N; excluded from resistance-rate denominators per Step 6 Action,v1,2026-07-06
SOAR_207965,1549,N,Evaluable = N; excluded from resistance-rate denominators per Step 6 Action,v1,2026-07-06
SOAR_207965,1550,N,Evaluable = N; excluded from resistance-rate denominators per Step 6 Action,v1,2026-07-06
SOAR_207965,1551,N,Evaluable = N; excluded from resistance-rate denominators per Step 6 Action,v1,2026-07-06
SOAR_207965,1552,N,Evaluable = N; excluded from resistance-rate denominators per Step 6 Action,v1,2026-07-06
SOAR_207965,1553,N,Evaluable = N; excluded from resistance-rate denominators per Step 6 Action,v1,2026-07-06
SOAR_207965,1563,N,Evaluable = N; excluded from resistance-rate denominators per Step 6 Action,v1,2026-07-06
SOAR_207965,1564,N,Evaluable = N; excluded from resistance-rate denominators per Step 6 Action,v1,2026-07-06
SOAR_207965,1565,N,Evaluable = N; excluded from resistance-rate denominators per Step 6 Action,v1,2026-07-06
SOAR_207965,1566,N,Evaluable = N; excluded from resistance-rate denominators per Step 6 Action,v1,2026-07-06
SOAR_207965,1568,N,Evaluable = N; excluded from resistance-rate denominators per Step 6 Action,v1,2026-07-06
SOAR_207965,1569,N,Evaluable = N; excluded from resistance-rate denominators per Step 6 Action,v1,2026-07-06
SOAR_207965,1570,N,Evaluable = N; excluded from resistance-rate denominators per Step 6 Action,v1,2026-07-06
SOAR_207965,1575,N,Evaluable = N; excluded from resistance-rate denominators per Step 6 Action,v1,2026-07-06
SOAR_207965,1576,N,Evaluable = N; excluded from resistance-rate denominators per Step 6 Action,v1,2026-07-06
SOAR_207965,1577,N,Evaluable = N; excluded from resistance-rate denominators per Step 6 Action,v1,2026-07-06
SOAR_207965,1578,N,Evaluable = N; excluded from resistance-rate denominators per Step 6 Action,v1,2026-07-06
SOAR_207965,1579,N,Evaluable = N; excluded from resistance-rate denominators per Step 6 Action,v1,2026-07-06
SOAR_207965,1580,N,Evaluable = N; excluded from resistance-rate denominators per Step 6 Action,v1,2026-07-06
SOAR_207965,1583,N,Evaluable = N; excluded from resistance-rate denominators per Step 6 Action,v1,2026-07-06
SOAR_207965,1584,N,Evaluable = N; excluded from resistance-rate denominators per Step 6 Action,v1,2026-07-06
SOAR_207965,1585,N,Evaluable = N; excluded from resistance-rate denominators per Step 6 Action,v1,2026-07-06
SOAR_207965,1586,N,Evaluable = N; excluded from resistance-rate denominators per Step 6 Action,v1,2026-07-06
SOAR_207965,1602,N,Evaluable = N; excluded from resistance-rate denominators per Step 6 Action,v1,2026-07-06
SOAR_207965,1603,N,Evaluable = N; excluded from resistance-rate denominators per Step 6 Action,v1,2026-07-06
SOAR_207965,1687,N,Evaluable = N; excluded from resistance-rate denominators per Step 6 Action,v1,2026-07-06
SOAR_207965,1753,N,Evaluable = N; excluded from resistance-rate denominators per Step 6 Action,v1,2026-07-06
SOAR_207965,1754,N,Evaluable = N; excluded from resistance-rate denominators per Step 6 Action,v1,2026-07-06
SOAR_207965,1755,N,Evaluable = N; excluded from resistance-rate denominators per Step 6 Action,v1,2026-07-06
SOAR_207965,1756,N,Evaluable = N; excluded from resistance-rate denominators per Step 6 Action,v1,2026-07-06
SOAR_207965,1757,N,Evaluable = N; excluded from resistance-rate denominators per Step 6 Action,v1,2026-07-06
SOAR_207965,1758,N,Evaluable = N; excluded from resistance-rate denominators per Step 6 Action,v1,2026-07-06
SOAR_207965,1759,N,Evaluable = N; excluded from resistance-rate denominators per Step 6 Action,v1,2026-07-06
SOAR_207965,1760,N,Evaluable = N; excluded from resistance-rate denominators per Step 6 Action,v1,2026-07-06
SOAR_207965,1761,N,Evaluable = N; excluded from resistance-rate denominators per Step 6 Action,v1,2026-07-06
SOAR_207965,1762,N,Evaluable = N; excluded from resistance-rate denominators per Step 6 Action,v1,2026-07-06
SOAR_207965,1763,N,Evaluable = N; excluded from resistance-rate denominators per Step 6 Action,v1,2026-07-06
SOAR_207965,1764,N,Evaluable = N; excluded from resistance-rate denominators per Step 6 Action,v1,2026-07-06
SOAR_207965,1787,N,Evaluable = N; excluded from resistance-rate denominators per Step 6 Action,v1,2026-07-06
SOAR_207965,1788,N,Evaluable = N; excluded from resistance-rate denominators per Step 6 Action,v1,2026-07-06
SOAR_207965,1789,N,Evaluable = N; excluded from resistance-rate denominators per Step 6 Action,v1,2026-07-06
SOAR_207965,1790,N,Evaluable = N; excluded from resistance-rate denominators per Step 6 Action,v1,2026-07-06
SOAR_207965,1791,N,Evaluable = N; excluded from resistance-rate denominators per Step 6 Action,v1,2026-07-06
SOAR_207965,1792,N,Evaluable = N; excluded from resistance-rate denominators per Step 6 Action,v1,2026-07-06
SOAR_207965,1793,N,Evaluable = N; excluded from resistance-rate denominators per Step 6 Action,v1,2026-07-06
SOAR_207965,1794,N,Evaluable = N; excluded from resistance-rate denominators per Step 6 Action,v1,2026-07-06
SOAR_207965,1795,N,Evaluable = N; excluded from resistance-rate denominators per Step 6 Action,v1,2026-07-06
SOAR_207965,1796,N,Evaluable = N; excluded from resistance-rate denominators per Step 6 Action,v1,2026-07-06
SOAR_207965,1797,N,Evaluable = N; excluded from resistance-rate denominators per Step 6 Action,v1,2026-07-06
SOAR_207965,1799,N,Evaluable = N; excluded from resistance-rate denominators per Step 6 Action,v1,2026-07-06
SOAR_207965,1800,N,Evaluable = N; excluded from resistance-rate denominators per Step 6 Action,v1,2026-07-06
SOAR_207965,1801,N,Evaluable = N; excluded from resistance-rate denominators per Step 6 Action,v1,2026-07-06
SOAR_207965,1802,N,Evaluable = N; excluded from resistance-rate denominators per Step 6 Action,v1,2026-07-06
SOAR_207965,1803,N,Evaluable = N; excluded from resistance-rate denominators per Step 6 Action,v1,2026-07-06
SOAR_207965,1804,N,Evaluable = N; excluded from resistance-rate denominators per Step 6 Action,v1,2026-07-06
SOAR_207965,1805,N,Evaluable = N; excluded from resistance-rate denominators per Step 6 Action,v1,2026-07-06
SOAR_207965,1806,N,Evaluable = N; excluded from resistance-rate denominators per Step 6 Action,v1,2026-07-06
SOAR_207965,1807,N,Evaluable = N; excluded from resistance-rate denominators per Step 6 Action,v1,2026-07-06
SOAR_207965,1816,N,Evaluable = N; excluded from resistance-rate denominators per Step 6 Action,v1,2026-07-06
SOAR_207965,1817,N,Evaluable = N; excluded from resistance-rate denominators per Step 6 Action,v1,2026-07-06
SOAR_207965,1818,N,Evaluable = N; excluded from resistance-rate denominators per Step 6 Action,v1,2026-07-06
SOAR_207965,1819,N,Evaluable = N; excluded from resistance-rate denominators per Step 6 Action,v1,2026-07-06
SOAR_207965,1820,N,Evaluable = N; excluded from resistance-rate denominators per Step 6 Action,v1,2026-07-06
SOAR_207965,1821,N,Evaluable = N; excluded from resistance-rate denominators per Step 6 Action,v1,2026-07-06
SOAR_207965,1822,N,Evaluable = N; excluded from resistance-rate denominators per Step 6 Action,v1,2026-07-06
SOAR_207965,1823,N,Evaluable = N; excluded from resistance-rate denominators per Step 6 Action,v1,2026-07-06
SOAR_207965,1840,N,Evaluable = N; excluded from resistance-rate denominators per Step 6 Action,v1,2026-07-06
SOAR_207965,1841,N,Evaluable = N; excluded from resistance-rate denominators per Step 6 Action,v1,2026-07-06
SOAR_207965,1842,N,Evaluable = N; excluded from resistance-rate denominators per Step 6 Action,v1,2026-07-06
SOAR_207965,1900,N,Evaluable = N; excluded from resistance-rate denominators per Step 6 Action,v1,2026-07-06
SOAR_207965,1901,N,Evaluable = N; excluded from resistance-rate denominators per Step 6 Action,v1,2026-07-06
SOAR_207965,1912,N,Evaluable = N; excluded from resistance-rate denominators per Step 6 Action,v1,2026-07-06
SOAR_207965,1913,N,Evaluable = N; excluded from resistance-rate denominators per Step 6 Action,v1,2026-07-06
SOAR_207965,1914,N,Evaluable = N; excluded from resistance-rate denominators per Step 6 Action,v1,2026-07-06
SOAR_207965,1917,N,Evaluable = N; excluded from resistance-rate denominators per Step 6 Action,v1,2026-07-06
SOAR_207965,1922,N,Evaluable = N; excluded from resistance-rate denominators per Step 6 Action,v1,2026-07-06
SOAR_207965,1923,N,Evaluable = N; excluded from resistance-rate denominators per Step 6 Action,v1,2026-07-06
SOAR_207965,1924,N,Evaluable = N; excluded from resistance-rate denominators per Step 6 Action,v1,2026-07-06
SOAR_207965,1926,N,Evaluable = N; excluded from resistance-rate denominators per Step 6 Action,v1,2026-07-06
SOAR_207965,1937,N,Evaluable = N; excluded from resistance-rate denominators per Step 6 Action,v1,2026-07-06
SOAR_207965,1938,N,Evaluable = N; excluded from resistance-rate denominators per Step 6 Action,v1,2026-07-06
SOAR_207965,1939,N,Evaluable = N; excluded from resistance-rate denominators per Step 6 Action,v1,2026-07-06
SOAR_207965,1942,N,Evaluable = N; excluded from resistance-rate denominators per Step 6 Action,v1,2026-07-06
SOAR_207965,1943,N,Evaluable = N; excluded from resistance-rate denominators per Step 6 Action,v1,2026-07-06
SOAR_207965,1944,N,Evaluable = N; excluded from resistance-rate denominators per Step 6 Action,v1,2026-07-06
SOAR_207965,1956,N,Evaluable = N; excluded from resistance-rate denominators per Step 6 Action,v1,2026-07-06
SOAR_207965,1957,N,Evaluable = N; excluded from resistance-rate denominators per Step 6 Action,v1,2026-07-06
SOAR_207965,1958,N,Evaluable = N; excluded from resistance-rate denominators per Step 6 Action,v1,2026-07-06
SOAR_207965,1959,N,Evaluable = N; excluded from resistance-rate denominators per Step 6 Action,v1,2026-07-06
SOAR_207965,1960,N,Evaluable = N; excluded from resistance-rate denominators per Step 6 Action,v1,2026-07-06
SOAR_207965,1969,N,Evaluable = N; excluded from resistance-rate denominators per Step 6 Action,v1,2026-07-06
SOAR_207965,2028,N,Evaluable = N; excluded from resistance-rate denominators per Step 6 Action,v1,2026-07-06
SOAR_207965,2029,N,Evaluable = N; excluded from resistance-rate denominators per Step 6 Action,v1,2026-07-06
SOAR_207965,2047,N,Evaluable = N; excluded from resistance-rate denominators per Step 6 Action,v1,2026-07-06
SOAR_207965,2048,N,Evaluable = N; excluded from resistance-rate denominators per Step 6 Action,v1,2026-07-06
SOAR_207965,2049,N,Evaluable = N; excluded from resistance-rate denominators per Step 6 Action,v1,2026-07-06
SOAR_207965,2053,N,Evaluable = N; excluded from resistance-rate denominators per Step 6 Action,v1,2026-07-06
SOAR_207965,2054,N,Evaluable = N; excluded from resistance-rate denominators per Step 6 Action,v1,2026-07-06
SOAR_207965,2055,N,Evaluable = N; excluded from resistance-rate denominators per Step 6 Action,v1,2026-07-06
SOAR_207965,2070,N,Evaluable = N; excluded from resistance-rate denominators per Step 6 Action,v1,2026-07-06
SOAR_207965,2102,N,Evaluable = N; excluded from resistance-rate denominators per Step 6 Action,v1,2026-07-06
SOAR_207965,2109,N,Evaluable = N; excluded from resistance-rate denominators per Step 6 Action,v1,2026-07-06
SOAR_207965,2110,N,Evaluable = N; excluded from resistance-rate denominators per Step 6 Action,v1,2026-07-06
SOAR_207965,2111,N,Evaluable = N; excluded from resistance-rate denominators per Step 6 Action,v1,2026-07-06
SOAR_207965,2112,N,Evaluable = N; excluded from resistance-rate denominators per Step 6 Action,v1,2026-07-06
SOAR_207965,2113,N,Evaluable = N; excluded from resistance-rate denominators per Step 6 Action,v1,2026-07-06
SOAR_207965,2114,N,Evaluable = N; excluded from resistance-rate denominators per Step 6 Action,v1,2026-07-06
SOAR_207965,2115,N,Evaluable = N; excluded from resistance-rate denominators per Step 6 Action,v1,2026-07-06
SOAR_207965,2116,N,Evaluable = N; excluded from resistance-rate denominators per Step 6 Action,v1,2026-07-06
SOAR_207965,2117,N,Evaluable = N; excluded from resistance-rate denominators per Step 6 Action,v1,2026-07-06
SOAR_207965,2121,N,Evaluable = N; excluded from resistance-rate denominators per Step 6 Action,v1,2026-07-06
SOAR_207965,2122,N,Evaluable = N; excluded from resistance-rate denominators per Step 6 Action,v1,2026-07-06
SOAR_207965,2123,N,Evaluable = N; excluded from resistance-rate denominators per Step 6 Action,v1,2026-07-06
SOAR_207965,2124,N,Evaluable = N; excluded from resistance-rate denominators per Step 6 Action,v1,2026-07-06
SOAR_207965,2125,N,Evaluable = N; excluded from resistance-rate denominators per Step 6 Action,v1,2026-07-06
SOAR_207965,2126,N,Evaluable = N; excluded from resistance-rate denominators per Step 6 Action,v1,2026-07-06
SOAR_207965,2128,N,Evaluable = N; excluded from resistance-rate denominators per Step 6 Action,v1,2026-07-06
SOAR_207965,2129,N,Evaluable = N; excluded from resistance-rate denominators per Step 6 Action,v1,2026-07-06
SOAR_207965,2130,N,Evaluable = N; excluded from resistance-rate denominators per Step 6 Action,v1,2026-07-06
SOAR_207965,2131,N,Evaluable = N; excluded from resistance-rate denominators per Step 6 Action,v1,2026-07-06
SOAR_207965,2132,N,Evaluable = N; excluded from resistance-rate denominators per Step 6 Action,v1,2026-07-06
SOAR_207965,2147,N,Evaluable = N; excluded from resistance-rate denominators per Step 6 Action,v1,2026-07-06
SOAR_207965,2148,N,Evaluable = N; excluded from resistance-rate denominators per Step 6 Action,v1,2026-07-06
SOAR_207965,2149,N,Evaluable = N; excluded from resistance-rate denominators per Step 6 Action,v1,2026-07-06
SOAR_207965,2160,N,Evaluable = N; excluded from resistance-rate denominators per Step 6 Action,v1,2026-07-06
SOAR_207965,2161,N,Evaluable = N; excluded from resistance-rate denominators per Step 6 Action,v1,2026-07-06
SOAR_207965,2162,N,Evaluable = N; excluded from resistance-rate denominators per Step 6 Action,v1,2026-07-06
SOAR_207965,2163,N,Evaluable = N; excluded from resistance-rate denominators per Step 6 Action,v1,2026-07-06
SOAR_207965,2164,N,Evaluable = N; excluded from resistance-rate denominators per Step 6 Action,v1,2026-07-06
SOAR_207965,2165,N,Evaluable = N; excluded from resistance-rate denominators per Step 6 Action,v1,2026-07-06
SOAR_207965,2166,N,Evaluable = N; excluded from resistance-rate denominators per Step 6 Action,v1,2026-07-06
SOAR_207965,2167,N,Evaluable = N; excluded from resistance-rate denominators per Step 6 Action,v1,2026-07-06
SOAR_207965,2168,N,Evaluable = N; excluded from resistance-rate denominators per Step 6 Action,v1,2026-07-06
SOAR_207965,2175,N,Evaluable = N; excluded from resistance-rate denominators per Step 6 Action,v1,2026-07-06
SOAR_207965,2176,N,Evaluable = N; excluded from resistance-rate denominators per Step 6 Action,v1,2026-07-06
SOAR_207965,2177,N,Evaluable = N; excluded from resistance-rate denominators per Step 6 Action,v1,2026-07-06
SOAR_207965,2178,N,Evaluable = N; excluded from resistance-rate denominators per Step 6 Action,v1,2026-07-06
SOAR_207965,2303,N,Evaluable = N; excluded from resistance-rate denominators per Step 6 Action,v1,2026-07-06
SOAR_207965,2467,N,Evaluable = N; excluded from resistance-rate denominators per Step 6 Action,v1,2026-07-06
SOAR_207965,2468,N,Evaluable = N; excluded from resistance-rate denominators per Step 6 Action,v1,2026-07-06
SOAR_207965,2469,N,Evaluable = N; excluded from resistance-rate denominators per Step 6 Action,v1,2026-07-06
SOAR_207965,2471,N,Evaluable = N; excluded from resistance-rate denominators per Step 6 Action,v1,2026-07-06
SOAR_207965,2472,N,Evaluable = N; excluded from resistance-rate denominators per Step 6 Action,v1,2026-07-06
SOAR_207965,2473,N,Evaluable = N; excluded from resistance-rate denominators per Step 6 Action,v1,2026-07-06
SOAR_207965,2474,N,Evaluable = N; excluded from resistance-rate denominators per Step 6 Action,v1,2026-07-06
SOAR_207965,2475,N,Evaluable = N; excluded from resistance-rate denominators per Step 6 Action,v1,2026-07-06
SOAR_207965,2483,N,Evaluable = N; excluded from resistance-rate denominators per Step 6 Action,v1,2026-07-06
SOAR_207965,2484,N,Evaluable = N; excluded from resistance-rate denominators per Step 6 Action,v1,2026-07-06
SOAR_207965,2485,N,Evaluable = N; excluded from resistance-rate denominators per Step 6 Action,v1,2026-07-06
SOAR_207965,2486,N,Evaluable = N; excluded from resistance-rate denominators per Step 6 Action,v1,2026-07-06
SOAR_207965,2487,N,Evaluable = N; excluded from resistance-rate denominators per Step 6 Action,v1,2026-07-06
SOAR_207965,2491,N,Evaluable = N; excluded from resistance-rate denominators per Step 6 Action,v1,2026-07-06
SOAR_207965,2496,N,Evaluable = N; excluded from resistance-rate denominators per Step 6 Action,v1,2026-07-06
SOAR_207965,2497,N,Evaluable = N; excluded from resistance-rate denominators per Step 6 Action,v1,2026-07-06
SOAR_207965,2502,N,Evaluable = N; excluded from resistance-rate denominators per Step 6 Action,v1,2026-07-06
SOAR_207965,2503,N,Evaluable = N; excluded from resistance-rate denominators per Step 6 Action,v1,2026-07-06
SOAR_207965,2504,N,Evaluable = N; excluded from resistance-rate denominators per Step 6 Action,v1,2026-07-06
SOAR_207965,2505,N,Evaluable = N; excluded from resistance-rate denominators per Step 6 Action,v1,2026-07-06
SOAR_207965,2506,N,Evaluable = N; excluded from resistance-rate denominators per Step 6 Action,v1,2026-07-06
SOAR_207965,2507,N,Evaluable = N; excluded from resistance-rate denominators per Step 6 Action,v1,2026-07-06
SOAR_207965,2508,N,Evaluable = N; excluded from resistance-rate denominators per Step 6 Action,v1,2026-07-06
SOAR_207965,2509,N,Evaluable = N; excluded from resistance-rate denominators per Step 6 Action,v1,2026-07-06
SOAR_207965,2510,N,Evaluable = N; excluded from resistance-rate denominators per Step 6 Action,v1,2026-07-06
SOAR_207965,2511,N,Evaluable = N; excluded from resistance-rate denominators per Step 6 Action,v1,2026-07-06
SOAR_207965,2512,N,Evaluable = N; excluded from resistance-rate denominators per Step 6 Action,v1,2026-07-06
SOAR_207965,2520,N,Evaluable = N; excluded from resistance-rate denominators per Step 6 Action,v1,2026-07-06
SOAR_207965,2521,N,Evaluable = N; excluded from resistance-rate denominators per Step 6 Action,v1,2026-07-06
SOAR_207965,2525,N,Evaluable = N; excluded from resistance-rate denominators per Step 6 Action,v1,2026-07-06
SOAR_207965,2526,N,Evaluable = N; excluded from resistance-rate denominators per Step 6 Action,v1,2026-07-06
SOAR_207965,2527,N,Evaluable = N; excluded from resistance-rate denominators per Step 6 Action,v1,2026-07-06
SOAR_207965,2546,N,Evaluable = N; excluded from resistance-rate denominators per Step 6 Action,v1,2026-07-06
SOAR_207965,2548,N,Evaluable = N; excluded from resistance-rate denominators per Step 6 Action,v1,2026-07-06
SOAR_207965,2549,N,Evaluable = N; excluded from resistance-rate denominators per Step 6 Action,v1,2026-07-06
SOAR_207965,2550,N,Evaluable = N; excluded from resistance-rate denominators per Step 6 Action,v1,2026-07-06
SOAR_207965,2575,N,Evaluable = N; excluded from resistance-rate denominators per Step 6 Action,v1,2026-07-06
SOAR_207965,2638,N,Evaluable = N; excluded from resistance-rate denominators per Step 6 Action,v1,2026-07-06
SOAR_207965,2639,N,Evaluable = N; excluded from resistance-rate denominators per Step 6 Action,v1,2026-07-06
SOAR_207965,2640,N,Evaluable = N; excluded from resistance-rate denominators per Step 6 Action,v1,2026-07-06
SOAR_207965,2641,N,Evaluable = N; excluded from resistance-rate denominators per Step 6 Action,v1,2026-07-06
SOAR_207965,2642,N,Evaluable = N; excluded from resistance-rate denominators per Step 6 Action,v1,2026-07-06
SOAR_207965,2643,N,Evaluable = N; excluded from resistance-rate denominators per Step 6 Action,v1,2026-07-06
SOAR_207965,2644,N,Evaluable = N; excluded from resistance-rate denominators per Step 6 Action,v1,2026-07-06
SOAR_207965,2656,N,Evaluable = N; excluded from resistance-rate denominators per Step 6 Action,v1,2026-07-06
SOAR_207965,2663,N,Evaluable = N; excluded from resistance-rate denominators per Step 6 Action,v1,2026-07-06
SOAR_207965,2664,N,Evaluable = N; excluded from resistance-rate denominators per Step 6 Action,v1,2026-07-06
SOAR_207965,2665,N,Evaluable = N; excluded from resistance-rate denominators per Step 6 Action,v1,2026-07-06
SOAR_207965,2666,N,Evaluable = N; excluded from resistance-rate denominators per Step 6 Action,v1,2026-07-06
SOAR_207965,2667,N,Evaluable = N; excluded from resistance-rate denominators per Step 6 Action,v1,2026-07-06
SOAR_207965,2668,N,Evaluable = N; excluded from resistance-rate denominators per Step 6 Action,v1,2026-07-06
SOAR_207965,2669,N,Evaluable = N; excluded from resistance-rate denominators per Step 6 Action,v1,2026-07-06
SOAR_207965,2670,N,Evaluable = N; excluded from resistance-rate denominators per Step 6 Action,v1,2026-07-06
SOAR_207965,2671,N,Evaluable = N; excluded from resistance-rate denominators per Step 6 Action,v1,2026-07-06
SOAR_207965,2672,N,Evaluable = N; excluded from resistance-rate denominators per Step 6 Action,v1,2026-07-06
SOAR_207965,2673,N,Evaluable = N; excluded from resistance-rate denominators per Step 6 Action,v1,2026-07-06
SOAR_207965,2675,N,Evaluable = N; excluded from resistance-rate denominators per Step 6 Action,v1,2026-07-06
SOAR_207965,2676,N,Evaluable = N; excluded from resistance-rate denominators per Step 6 Action,v1,2026-07-06
SOAR_207965,2685,N,Evaluable = N; excluded from resistance-rate denominators per Step 6 Action,v1,2026-07-06
SOAR_207965,2686,N,Evaluable = N; excluded from resistance-rate denominators per Step 6 Action,v1,2026-07-06
SOAR_207965,2687,N,Evaluable = N; excluded from resistance-rate denominators per Step 6 Action,v1,2026-07-06
SOAR_207965,2688,N,Evaluable = N; excluded from resistance-rate denominators per Step 6 Action,v1,2026-07-06
SOAR_207965,2689,N,Evaluable = N; excluded from resistance-rate denominators per Step 6 Action,v1,2026-07-06
SOAR_207965,2690,N,Evaluable = N; excluded from resistance-rate denominators per Step 6 Action,v1,2026-07-06
SOAR_207965,2691,N,Evaluable = N; excluded from resistance-rate denominators per Step 6 Action,v1,2026-07-06
SOAR_207965,2701,N,Evaluable = N; excluded from resistance-rate denominators per Step 6 Action,v1,2026-07-06
SOAR_207965,2702,N,Evaluable = N; excluded from resistance-rate denominators per Step 6 Action,v1,2026-07-06
SOAR_207965,2703,N,Evaluable = N; excluded from resistance-rate denominators per Step 6 Action,v1,2026-07-06
SOAR_207965,2704,N,Evaluable = N; excluded from resistance-rate denominators per Step 6 Action,v1,2026-07-06
SOAR_207965,2705,N,Evaluable = N; excluded from resistance-rate denominators per Step 6 Action,v1,2026-07-06
SOAR_207965,2706,N,Evaluable = N; excluded from resistance-rate denominators per Step 6 Action,v1,2026-07-06
SOAR_207965,2714,N,Evaluable = N; excluded from resistance-rate denominators per Step 6 Action,v1,2026-07-06
SOAR_207965,2715,N,Evaluable = N; excluded from resistance-rate denominators per Step 6 Action,v1,2026-07-06
SOAR_207965,2716,N,Evaluable = N; excluded from resistance-rate denominators per Step 6 Action,v1,2026-07-06
SOAR_207965,2737,N,Evaluable = N; excluded from resistance-rate denominators per Step 6 Action,v1,2026-07-06
SOAR_207965,2770,N,Evaluable = N; excluded from resistance-rate denominators per Step 6 Action,v1,2026-07-06
SOAR_207965,2802,N,Evaluable = N; excluded from resistance-rate denominators per Step 6 Action,v1,2026-07-06
SOAR_207965,2809,N,Evaluable = N; excluded from resistance-rate denominators per Step 6 Action,v1,2026-07-06
SOAR_207965,2839,N,Evaluable = N; excluded from resistance-rate denominators per Step 6 Action,v1,2026-07-06
SOAR_207965,2840,N,Evaluable = N; excluded from resistance-rate denominators per Step 6 Action,v1,2026-07-06
SOAR_207965,2852,N,Evaluable = N; excluded from resistance-rate denominators per Step 6 Action,v1,2026-07-06
SOAR_207965,2853,N,Evaluable = N; excluded from resistance-rate denominators per Step 6 Action,v1,2026-07-06
SOAR_207965,2854,N,Evaluable = N; excluded from resistance-rate denominators per Step 6 Action,v1,2026-07-06
SOAR_207965,2866,N,Evaluable = N; excluded from resistance-rate denominators per Step 6 Action,v1,2026-07-06
SOAR_207965,2867,N,Evaluable = N; excluded from resistance-rate denominators per Step 6 Action,v1,2026-07-06
SOAR_207965,2868,N,Evaluable = N; excluded from resistance-rate denominators per Step 6 Action,v1,2026-07-06
SOAR_207965,2909,N,Evaluable = N; excluded from resistance-rate denominators per Step 6 Action,v1,2026-07-06
SOAR_207965,2910,N,Evaluable = N; excluded from resistance-rate denominators per Step 6 Action,v1,2026-07-06
SOAR_207965,2911,N,Evaluable = N; excluded from resistance-rate denominators per Step 6 Action,v1,2026-07-06
SOAR_207965,2912,N,Evaluable = N; excluded from resistance-rate denominators per Step 6 Action,v1,2026-07-06
SOAR_207965,2925,N,Evaluable = N; excluded from resistance-rate denominators per Step 6 Action,v1,2026-07-06
SOAR_207965,2926,N,Evaluable = N; excluded from resistance-rate denominators per Step 6 Action,v1,2026-07-06
SOAR_207965,2927,N,Evaluable = N; excluded from resistance-rate denominators per Step 6 Action,v1,2026-07-06
SOAR_207965,2928,N,Evaluable = N; excluded from resistance-rate denominators per Step 6 Action,v1,2026-07-06
SOAR_207965,2929,N,Evaluable = N; excluded from resistance-rate denominators per Step 6 Action,v1,2026-07-06
SOAR_207965,2930,N,Evaluable = N; excluded from resistance-rate denominators per Step 6 Action,v1,2026-07-06
SOAR_207965,2931,N,Evaluable = N; excluded from resistance-rate denominators per Step 6 Action,v1,2026-07-06
SOAR_207965,2932,N,Evaluable = N; excluded from resistance-rate denominators per Step 6 Action,v1,2026-07-06
SOAR_207965,2939,N,Evaluable = N; excluded from resistance-rate denominators per Step 6 Action,v1,2026-07-06
SOAR_207965,2940,N,Evaluable = N; excluded from resistance-rate denominators per Step 6 Action,v1,2026-07-06
SOAR_207965,2941,N,Evaluable = N; excluded from resistance-rate denominators per Step 6 Action,v1,2026-07-06
SOAR_207965,2942,N,Evaluable = N; excluded from resistance-rate denominators per Step 6 Action,v1,2026-07-06
SOAR_207965,2943,N,Evaluable = N; excluded from resistance-rate denominators per Step 6 Action,v1,2026-07-06
SOAR_207965,2944,N,Evaluable = N; excluded from resistance-rate denominators per Step 6 Action,v1,2026-07-06
SOAR_207965,2945,N,Evaluable = N; excluded from resistance-rate denominators per Step 6 Action,v1,2026-07-06
SOAR_207965,2952,N,Evaluable = N; excluded from resistance-rate denominators per Step 6 Action,v1,2026-07-06
SOAR_207965,2953,N,Evaluable = N; excluded from resistance-rate denominators per Step 6 Action,v1,2026-07-06
SOAR_207965,2954,N,Evaluable = N; excluded from resistance-rate denominators per Step 6 Action,v1,2026-07-06
SOAR_207965,2955,N,Evaluable = N; excluded from resistance-rate denominators per Step 6 Action,v1,2026-07-06
SOAR_207965,2956,N,Evaluable = N; excluded from resistance-rate denominators per Step 6 Action,v1,2026-07-06
SOAR_207965,2957,N,Evaluable = N; excluded from resistance-rate denominators per Step 6 Action,v1,2026-07-06
SOAR_207965,2958,N,Evaluable = N; excluded from resistance-rate denominators per Step 6 Action,v1,2026-07-06
SOAR_207965,2959,N,Evaluable = N; excluded from resistance-rate denominators per Step 6 Action,v1,2026-07-06
SOAR_207965,2970,N,Evaluable = N; excluded from resistance-rate denominators per Step 6 Action,v1,2026-07-06
SOAR_207965,2971,N,Evaluable = N; excluded from resistance-rate denominators per Step 6 Action,v1,2026-07-06
SOAR_207965,2972,N,Evaluable = N; excluded from resistance-rate denominators per Step 6 Action,v1,2026-07-06
SOAR_207965,2983,N,Evaluable = N; excluded from resistance-rate denominators per Step 6 Action,v1,2026-07-06
SOAR_207965,2984,N,Evaluable = N; excluded from resistance-rate denominators per Step 6 Action,v1,2026-07-06
SOAR_207965,2985,N,Evaluable = N; excluded from resistance-rate denominators per Step 6 Action,v1,2026-07-06
SOAR_207965,2986,N,Evaluable = N; excluded from resistance-rate denominators per Step 6 Action,v1,2026-07-06
SOAR_207965,2987,N,Evaluable = N; excluded from resistance-rate denominators per Step 6 Action,v1,2026-07-06
SOAR_207965,2988,N,Evaluable = N; excluded from resistance-rate denominators per Step 6 Action,v1,2026-07-06
SOAR_207965,2989,N,Evaluable = N; excluded from resistance-rate denominators per Step 6 Action,v1,2026-07-06
SOAR_207965,2990,N,Evaluable = N; excluded from resistance-rate denominators per Step 6 Action,v1,2026-07-06
SOAR_207965,2991,N,Evaluable = N; excluded from resistance-rate denominators per Step 6 Action,v1,2026-07-06
SOAR_207965,3006,N,Evaluable = N; excluded from resistance-rate denominators per Step 6 Action,v1,2026-07-06
SOAR_207965,3007,N,Evaluable = N; excluded from resistance-rate denominators per Step 6 Action,v1,2026-07-06
SOAR_207965,3008,N,Evaluable = N; excluded from resistance-rate denominators per Step 6 Action,v1,2026-07-06
SOAR_207965,3009,N,Evaluable = N; excluded from resistance-rate denominators per Step 6 Action,v1,2026-07-06
SOAR_207965,3010,N,Evaluable = N; excluded from resistance-rate denominators per Step 6 Action,v1,2026-07-06
SOAR_207965,3011,N,Evaluable = N; excluded from resistance-rate denominators per Step 6 Action,v1,2026-07-06
SOAR_207965,3012,N,Evaluable = N; excluded from resistance-rate denominators per Step 6 Action,v1,2026-07-06
SOAR_207965,3013,N,Evaluable = N; excluded from resistance-rate denominators per Step 6 Action,v1,2026-07-06
SOAR_207965,3014,N,Evaluable = N; excluded from resistance-rate denominators per Step 6 Action,v1,2026-07-06
SOAR_207965,3015,N,Evaluable = N; excluded from resistance-rate denominators per Step 6 Action,v1,2026-07-06
SOAR_207965,3016,N,Evaluable = N; excluded from resistance-rate denominators per Step 6 Action,v1,2026-07-06
SOAR_207965,3017,N,Evaluable = N; excluded from resistance-rate denominators per Step 6 Action,v1,2026-07-06
SOAR_207965,3023,N,Evaluable = N; excluded from resistance-rate denominators per Step 6 Action,v1,2026-07-06
SOAR_207965,3025,N,Evaluable = N; excluded from resistance-rate denominators per Step 6 Action,v1,2026-07-06
SOAR_207965,3026,N,Evaluable = N; excluded from resistance-rate denominators per Step 6 Action,v1,2026-07-06
SOAR_207965,3027,N,Evaluable = N; excluded from resistance-rate denominators per Step 6 Action,v1,2026-07-06
SOAR_207965,3028,N,Evaluable = N; excluded from resistance-rate denominators per Step 6 Action,v1,2026-07-06
SOAR_207965,3029,N,Evaluable = N; excluded from resistance-rate denominators per Step 6 Action,v1,2026-07-06
SOAR_207965,3030,N,Evaluable = N; excluded from resistance-rate denominators per Step 6 Action,v1,2026-07-06
SOAR_207965,3031,N,Evaluable = N; excluded from resistance-rate denominators per Step 6 Action,v1,2026-07-06
SOAR_207965,3034,N,Evaluable = N; excluded from resistance-rate denominators per Step 6 Action,v1,2026-07-06
SOAR_207965,3035,N,Evaluable = N; excluded from resistance-rate denominators per Step 6 Action,v1,2026-07-06
SOAR_207965,3036,N,Evaluable = N; excluded from resistance-rate denominators per Step 6 Action,v1,2026-07-06
SOAR_207965,3037,N,Evaluable = N; excluded from resistance-rate denominators per Step 6 Action,v1,2026-07-06
SOAR_207965,3038,N,Evaluable = N; excluded from resistance-rate denominators per Step 6 Action,v1,2026-07-06
SOAR_207965,3039,N,Evaluable = N; excluded from resistance-rate denominators per Step 6 Action,v1,2026-07-06
SOAR_207965,3040,N,Evaluable = N; excluded from resistance-rate denominators per Step 6 Action,v1,2026-07-06
SOAR_207965,3041,N,Evaluable = N; excluded from resistance-rate denominators per Step 6 Action,v1,2026-07-06
SOAR_207965,3042,N,Evaluable = N; excluded from resistance-rate denominators per Step 6 Action,v1,2026-07-06
SOAR_207965,3043,N,Evaluable = N; excluded from resistance-rate denominators per Step 6 Action,v1,2026-07-06
SOAR_207965,3044,N,Evaluable = N; excluded from resistance-rate denominators per Step 6 Action,v1,2026-07-06
SOAR_207965,3048,N,Evaluable = N; excluded from resistance-rate denominators per Step 6 Action,v1,2026-07-06
SOAR_207965,3080,N,Evaluable = N; excluded from resistance-rate denominators per Step 6 Action,v1,2026-07-06
SOAR_207965,3081,N,Evaluable = N; excluded from resistance-rate denominators per Step 6 Action,v1,2026-07-06
SOAR_207965,3093,N,Evaluable = N; excluded from resistance-rate denominators per Step 6 Action,v1,2026-07-06
SOAR_207965,3106,N,Evaluable = N; excluded from resistance-rate denominators per Step 6 Action,v1,2026-07-06
SOAR_207965,3107,N,Evaluable = N; excluded from resistance-rate denominators per Step 6 Action,v1,2026-07-06
SOAR_207965,3114,N,Evaluable = N; excluded from resistance-rate denominators per Step 6 Action,v1,2026-07-06
